Station,Arrive,Depart,Train,index
大宮(埼玉),,19:34,19-35-国府津-快速,0.0
浦和,19:41,19:41,19-35-国府津-快速,1.0
赤羽,19:49,19:50,19-35-国府津-快速,2.0
池袋,20:00,20:02,19-35-国府津-快速,3.0
新宿,20:07,20:08,19-35-国府津-快速,4.0
渋谷,20:12,20:13,19-35-国府津-快速,5.0
恵比寿,20:15,20:15,19-35-国府津-快速,6.0
大崎,20:19,20:20,19-35-国府津-快速,7.0
武蔵小杉,20:27,20:28,19-35-国府津-快速,8.0
横浜,20:40,20:42,19-35-国府津-快速,9.0
戸塚,20:53,20:54,19-35-国府津-快速,10.0
大船,21:00,21:00,19-35-国府津-快速,11.0
藤沢,21:04,21:05,19-35-国府津-快速,12.0
辻堂,21:08,21:09,19-35-国府津-快速,13.0
茅ケ崎,21:12,21:13,19-35-国府津-快速,14.0
平塚,21:17,21:18,19-35-国府津-快速,15.0
大磯,21:21,21:22,19-35-国府津-快速,16.0
二宮,21:26,21:27,19-35-国府津-快速,17.0
国府津,21:31,,19-35-国府津-快速,18.0
大宮(埼玉),,07:02,07-03-平塚-快速,0.0
浦和,07:08,07:09,07-03-平塚-快速,1.0
赤羽,07:17,07:18,07-03-平塚-快速,2.0
池袋,07:29,07:30,07-03-平塚-快速,3.0
新宿,07:35,07:36,07-03-平塚-快速,4.0
渋谷,07:41,07:42,07-03-平塚-快速,5.0
恵比寿,07:44,07:44,07-03-平塚-快速,6.0
大崎,07:48,07:49,07-03-平塚-快速,7.0
武蔵小杉,07:57,07:57,07-03-平塚-快速,8.0
横浜,08:09,08:10,07-03-平塚-快速,9.0
戸塚,08:21,08:22,07-03-平塚-快速,10.0
大船,08:28,08:31,07-03-平塚-快速,11.0
藤沢,08:36,08:36,07-03-平塚-快速,12.0
辻堂,08:39,08:40,07-03-平塚-快速,13.0
茅ケ崎,08:43,08:44,07-03-平塚-快速,14.0
平塚,08:49,,07-03-平塚-快速,15.0
大宮(埼玉),,12:12,12-13-小田原-普通,0.0
さいたま新都心,12:15,12:16,12-13-小田原-普通,1.0
浦和,12:20,12:20,12-13-小田原-普通,2.0
赤羽,12:28,12:28,12-13-小田原-普通,3.0
尾久,12:33,12:33,12-13-小田原-普通,4.0
上野,12:39,12:41,12-13-小田原-普通,5.0
東京,12:46,12:47,12-13-小田原-普通,6.0
新橋,12:49,12:50,12-13-小田原-普通,7.0
品川,12:54,12:55,12-13-小田原-普通,8.0
川崎,13:04,13:05,12-13-小田原-普通,9.0
横浜,13:12,13:13,12-13-小田原-普通,10.0
戸塚,13:23,13:23,12-13-小田原-普通,11.0
大船,13:28,13:29,12-13-小田原-普通,12.0
藤沢,13:33,13:34,12-13-小田原-普通,13.0
辻堂,13:37,13:37,12-13-小田原-普通,14.0
茅ケ崎,13:41,13:41,12-13-小田原-普通,15.0
平塚,13:46,13:50,12-13-小田原-普通,16.0
大磯,13:53,13:53,12-13-小田原-普通,17.0
二宮,13:57,13:58,12-13-小田原-普通,18.0
国府津,14:02,14:03,12-13-小田原-普通,19.0
鴨宮,14:06,14:06,12-13-小田原-普通,20.0
小田原,14:10,,12-13-小田原-普通,21.0
大宮(埼玉),,21:08,21-09-平塚-普通,0.0
さいたま新都心,21:11,21:12,21-09-平塚-普通,1.0
浦和,21:16,21:16,21-09-平塚-普通,2.0
赤羽,21:24,21:25,21-09-平塚-普通,3.0
尾久,21:29,21:29,21-09-平塚-普通,4.0
上野,21:35,21:36,21-09-平塚-普通,5.0
東京,21:41,21:42,21-09-平塚-普通,6.0
新橋,21:45,21:46,21-09-平塚-普通,7.0
品川,21:51,21:52,21-09-平塚-普通,8.0
川崎,22:00,22:01,21-09-平塚-普通,9.0
横浜,22:09,22:10,21-09-平塚-普通,10.0
戸塚,22:19,22:20,21-09-平塚-普通,11.0
大船,22:25,22:31,21-09-平塚-普通,12.0
藤沢,22:36,22:36,21-09-平塚-普通,13.0
辻堂,22:40,22:40,21-09-平塚-普通,14.0
茅ケ崎,22:44,22:44,21-09-平塚-普通,15.0
平塚,22:49,,21-09-平塚-普通,16.0
大宮(埼玉),,08:06,08-08-上野-普通,0.0
さいたま新都心,08:11,08:11,08-08-上野-普通,1.0
浦和,08:15,08:16,08-08-上野-普通,2.0
赤羽,08:25,08:25,08-08-上野-普通,3.0
尾久,08:30,08:31,08-08-上野-普通,4.0
上野,08:38,,08-08-上野-普通,5.0
大宮(埼玉),,22:30,22-31-上野-普通,0.0
さいたま新都心,22:34,22:34,22-31-上野-普通,1.0
浦和,22:38,22:38,22-31-上野-普通,2.0
赤羽,22:46,22:47,22-31-上野-普通,3.0
尾久,22:51,22:51,22-31-上野-普通,4.0
上野,22:57,,22-31-上野-普通,5.0
大宮(埼玉),,11:26,11-28-小田原-特別快速,0.0
浦和,11:35,11:35,11-28-小田原-特別快速,1.0
赤羽,11:43,11:44,11-28-小田原-特別快速,2.0
池袋,11:54,11:54,11-28-小田原-特別快速,3.0
新宿,11:59,12:00,11-28-小田原-特別快速,4.0
渋谷,12:05,12:05,11-28-小田原-特別快速,5.0
大崎,12:11,12:11,11-28-小田原-特別快速,6.0
武蔵小杉,12:20,12:21,11-28-小田原-特別快速,7.0
横浜,12:31,12:31,11-28-小田原-特別快速,8.0
戸塚,12:40,12:41,11-28-小田原-特別快速,9.0
大船,12:46,12:46,11-28-小田原-特別快速,10.0
藤沢,12:50,12:51,11-28-小田原-特別快速,11.0
茅ケ崎,12:56,12:56,11-28-小田原-特別快速,12.0
平塚,13:00,13:01,11-28-小田原-特別快速,13.0
国府津,13:09,13:10,11-28-小田原-特別快速,14.0
小田原,13:16,,11-28-小田原-特別快速,15.0
大宮(埼玉),,07:19,07-21-小田原-快速,0.0
浦和,07:27,07:27,07-21-小田原-快速,1.0
赤羽,07:36,07:37,07-21-小田原-快速,2.0
池袋,07:48,07:49,07-21-小田原-快速,3.0
新宿,07:54,07:55,07-21-小田原-快速,4.0
渋谷,07:59,08:00,07-21-小田原-快速,5.0
恵比寿,08:02,08:02,07-21-小田原-快速,6.0
大崎,08:06,08:09,07-21-小田原-快速,7.0
武蔵小杉,08:17,08:18,07-21-小田原-快速,8.0
横浜,08:29,08:30,07-21-小田原-快速,9.0
戸塚,08:42,08:42,07-21-小田原-快速,10.0
大船,08:47,08:48,07-21-小田原-快速,11.0
藤沢,08:52,08:53,07-21-小田原-快速,12.0
辻堂,08:56,08:56,07-21-小田原-快速,13.0
茅ケ崎,08:59,09:00,07-21-小田原-快速,14.0
平塚,09:04,09:05,07-21-小田原-快速,15.0
大磯,09:08,09:08,07-21-小田原-快速,16.0
二宮,09:13,09:13,07-21-小田原-快速,17.0
国府津,09:17,09:18,07-21-小田原-快速,18.0
鴨宮,09:21,09:22,07-21-小田原-快速,19.0
小田原,09:26,,07-21-小田原-快速,20.0
大宮(埼玉),,21:23,21-24-小田原-快速,0.0
浦和,21:31,21:31,21-24-小田原-快速,1.0
赤羽,21:41,21:41,21-24-小田原-快速,2.0
池袋,21:52,21:53,21-24-小田原-快速,3.0
新宿,21:58,22:00,21-24-小田原-快速,4.0
渋谷,22:04,22:05,21-24-小田原-快速,5.0
恵比寿,22:07,22:07,21-24-小田原-快速,6.0
大崎,22:11,22:12,21-24-小田原-快速,7.0
武蔵小杉,22:19,22:20,21-24-小田原-快速,8.0
横浜,22:31,22:32,21-24-小田原-快速,9.0
戸塚,22:43,22:44,21-24-小田原-快速,10.0
大船,22:49,22:50,21-24-小田原-快速,11.0
藤沢,22:54,22:55,21-24-小田原-快速,12.0
辻堂,22:58,22:59,21-24-小田原-快速,13.0
茅ケ崎,23:02,23:03,21-24-小田原-快速,14.0
平塚,23:07,23:08,21-24-小田原-快速,15.0
大磯,23:11,23:12,21-24-小田原-快速,16.0
二宮,23:16,23:16,21-24-小田原-快速,17.0
国府津,23:20,23:20,21-24-小田原-快速,18.0
鴨宮,23:23,23:24,21-24-小田原-快速,19.0
小田原,23:27,,21-24-小田原-快速,20.0
大宮(埼玉),,07:22,07-23-熱海-普通,0.0
さいたま新都心,07:26,07:26,07-23-熱海-普通,1.0
浦和,07:30,07:31,07-23-熱海-普通,2.0
赤羽,07:39,07:40,07-23-熱海-普通,3.0
尾久,07:45,07:45,07-23-熱海-普通,4.0
上野,07:52,07:53,07-23-熱海-普通,5.0
東京,07:58,07:59,07-23-熱海-普通,6.0
新橋,08:02,08:02,07-23-熱海-普通,7.0
品川,08:08,08:09,07-23-熱海-普通,8.0
川崎,08:18,08:19,07-23-熱海-普通,9.0
横浜,08:27,08:28,07-23-熱海-普通,10.0
戸塚,08:38,08:38,07-23-熱海-普通,11.0
大船,08:43,08:43,07-23-熱海-普通,12.0
藤沢,08:47,08:48,07-23-熱海-普通,13.0
辻堂,08:51,08:52,07-23-熱海-普通,14.0
茅ケ崎,08:55,08:55,07-23-熱海-普通,15.0
平塚,09:00,09:00,07-23-熱海-普通,16.0
大磯,09:03,09:04,07-23-熱海-普通,17.0
二宮,09:08,09:09,07-23-熱海-普通,18.0
国府津,09:13,09:14,07-23-熱海-普通,19.0
鴨宮,09:17,09:17,07-23-熱海-普通,20.0
小田原,09:22,09:27,07-23-熱海-普通,21.0
早川,09:29,09:30,07-23-熱海-普通,22.0
根府川,09:34,09:35,07-23-熱海-普通,23.0
真鶴,09:39,09:40,07-23-熱海-普通,24.0
湯河原,09:43,09:44,07-23-熱海-普通,25.0
熱海,09:50,,07-23-熱海-普通,26.0
大宮(埼玉),,07:50,07-52-平塚-快速,0.0
浦和,07:58,07:59,07-52-平塚-快速,1.0
赤羽,08:08,08:08,07-52-平塚-快速,2.0
池袋,08:19,08:20,07-52-平塚-快速,3.0
新宿,08:25,08:26,07-52-平塚-快速,4.0
渋谷,08:31,08:31,07-52-平塚-快速,5.0
恵比寿,08:33,08:34,07-52-平塚-快速,6.0
大崎,08:38,08:38,07-52-平塚-快速,7.0
武蔵小杉,08:48,08:48,07-52-平塚-快速,8.0
横浜,09:00,09:01,07-52-平塚-快速,9.0
戸塚,09:13,09:13,07-52-平塚-快速,10.0
大船,09:18,09:19,07-52-平塚-快速,11.0
藤沢,09:23,09:23,07-52-平塚-快速,12.0
辻堂,09:26,09:27,07-52-平塚-快速,13.0
茅ケ崎,09:30,09:30,07-52-平塚-快速,14.0
平塚,09:35,,07-52-平塚-快速,15.0
大宮(埼玉),,23:21,23-22-上野-普通,0.0
さいたま新都心,23:24,23:25,23-22-上野-普通,1.0
浦和,23:29,23:29,23-22-上野-普通,2.0
赤羽,23:37,23:38,23-22-上野-普通,3.0
尾久,23:42,23:43,23-22-上野-普通,4.0
上野,23:50,,23-22-上野-普通,5.0
大宮(埼玉),,11:12,11-13-小田原-普通,0.0
さいたま新都心,11:15,11:16,11-13-小田原-普通,1.0
浦和,11:20,11:20,11-13-小田原-普通,2.0
赤羽,11:28,11:28,11-13-小田原-普通,3.0
尾久,11:33,11:33,11-13-小田原-普通,4.0
上野,11:39,11:41,11-13-小田原-普通,5.0
東京,11:46,11:47,11-13-小田原-普通,6.0
新橋,11:49,11:50,11-13-小田原-普通,7.0
品川,11:54,11:55,11-13-小田原-普通,8.0
川崎,12:04,12:05,11-13-小田原-普通,9.0
横浜,12:12,12:13,11-13-小田原-普通,10.0
戸塚,12:23,12:23,11-13-小田原-普通,11.0
大船,12:28,12:29,11-13-小田原-普通,12.0
藤沢,12:33,12:34,11-13-小田原-普通,13.0
辻堂,12:37,12:37,11-13-小田原-普通,14.0
茅ケ崎,12:41,12:41,11-13-小田原-普通,15.0
平塚,12:46,12:50,11-13-小田原-普通,16.0
大磯,12:54,12:54,11-13-小田原-普通,17.0
二宮,12:59,12:59,11-13-小田原-普通,18.0
国府津,13:03,13:04,11-13-小田原-普通,19.0
鴨宮,13:07,13:08,11-13-小田原-普通,20.0
小田原,13:11,,11-13-小田原-普通,21.0
大宮(埼玉),,17:33,17-34-熱海-普通,0.0
さいたま新都心,17:37,17:37,17-34-熱海-普通,1.0
浦和,17:41,17:42,17-34-熱海-普通,2.0
赤羽,17:50,17:50,17-34-熱海-普通,3.0
尾久,17:55,17:55,17-34-熱海-普通,4.0
上野,18:02,18:04,17-34-熱海-普通,5.0
東京,18:09,18:10,17-34-熱海-普通,6.0
新橋,18:13,18:14,17-34-熱海-普通,7.0
品川,18:19,18:20,17-34-熱海-普通,8.0
川崎,18:30,18:30,17-34-熱海-普通,9.0
横浜,18:39,18:41,17-34-熱海-普通,10.0
戸塚,18:52,18:53,17-34-熱海-普通,11.0
大船,18:58,18:59,17-34-熱海-普通,12.0
藤沢,19:04,19:04,17-34-熱海-普通,13.0
辻堂,19:08,19:08,17-34-熱海-普通,14.0
茅ケ崎,19:12,19:13,17-34-熱海-普通,15.0
平塚,19:17,19:18,17-34-熱海-普通,16.0
大磯,19:22,19:22,17-34-熱海-普通,17.0
二宮,19:27,19:27,17-34-熱海-普通,18.0
国府津,19:31,19:32,17-34-熱海-普通,19.0
鴨宮,19:35,19:36,17-34-熱海-普通,20.0
小田原,19:39,19:44,17-34-熱海-普通,21.0
早川,19:46,19:47,17-34-熱海-普通,22.0
根府川,19:51,19:52,17-34-熱海-普通,23.0
真鶴,19:56,19:57,17-34-熱海-普通,24.0
湯河原,20:00,20:01,17-34-熱海-普通,25.0
熱海,20:07,,17-34-熱海-普通,26.0
大宮(埼玉),,10:12,10-13-小田原-普通,0.0
さいたま新都心,10:16,10:16,10-13-小田原-普通,1.0
浦和,10:20,10:21,10-13-小田原-普通,2.0
赤羽,10:28,10:29,10-13-小田原-普通,3.0
尾久,10:33,10:34,10-13-小田原-普通,4.0
上野,10:39,10:41,10-13-小田原-普通,5.0
東京,10:46,10:47,10-13-小田原-普通,6.0
新橋,10:50,10:50,10-13-小田原-普通,7.0
品川,10:55,10:56,10-13-小田原-普通,8.0
川崎,11:04,11:05,10-13-小田原-普通,9.0
横浜,11:12,11:14,10-13-小田原-普通,10.0
戸塚,11:23,11:24,10-13-小田原-普通,11.0
大船,11:29,11:29,10-13-小田原-普通,12.0
藤沢,11:33,11:34,10-13-小田原-普通,13.0
辻堂,11:37,11:37,10-13-小田原-普通,14.0
茅ケ崎,11:41,11:41,10-13-小田原-普通,15.0
平塚,11:46,11:50,10-13-小田原-普通,16.0
大磯,11:53,11:54,10-13-小田原-普通,17.0
二宮,11:58,11:58,10-13-小田原-普通,18.0
国府津,12:02,12:03,10-13-小田原-普通,19.0
鴨宮,12:05,12:06,10-13-小田原-普通,20.0
小田原,12:10,,10-13-小田原-普通,21.0
大宮(埼玉),,16:54,16-55-上野-普通,0.0
さいたま新都心,16:57,16:58,16-55-上野-普通,1.0
浦和,17:02,17:02,16-55-上野-普通,2.0
赤羽,17:10,17:10,16-55-上野-普通,3.0
尾久,17:15,17:15,16-55-上野-普通,4.0
上野,17:21,,16-55-上野-普通,5.0
大宮(埼玉),,07:58,07-59-熱海-普通,0.0
さいたま新都心,08:02,08:03,07-59-熱海-普通,1.0
浦和,08:07,08:07,07-59-熱海-普通,2.0
赤羽,08:16,08:17,07-59-熱海-普通,3.0
尾久,08:22,08:22,07-59-熱海-普通,4.0
上野,08:28,08:31,07-59-熱海-普通,5.0
東京,08:36,08:38,07-59-熱海-普通,6.0
新橋,08:41,08:41,07-59-熱海-普通,7.0
品川,08:47,08:49,07-59-熱海-普通,8.0
川崎,08:57,08:58,07-59-熱海-普通,9.0
横浜,09:06,09:07,07-59-熱海-普通,10.0
戸塚,09:16,09:17,07-59-熱海-普通,11.0
大船,09:22,09:23,07-59-熱海-普通,12.0
藤沢,09:27,09:27,07-59-熱海-普通,13.0
辻堂,09:30,09:31,07-59-熱海-普通,14.0
茅ケ崎,09:34,09:35,07-59-熱海-普通,15.0
平塚,09:39,09:39,07-59-熱海-普通,16.0
大磯,09:43,09:43,07-59-熱海-普通,17.0
二宮,09:47,09:48,07-59-熱海-普通,18.0
国府津,09:52,09:53,07-59-熱海-普通,19.0
鴨宮,09:55,09:56,07-59-熱海-普通,20.0
小田原,09:59,10:05,07-59-熱海-普通,21.0
早川,10:07,10:08,07-59-熱海-普通,22.0
根府川,10:12,10:13,07-59-熱海-普通,23.0
真鶴,10:18,10:18,07-59-熱海-普通,24.0
湯河原,10:22,10:22,07-59-熱海-普通,25.0
熱海,10:29,,07-59-熱海-普通,26.0
大宮(埼玉),,07:08,07-10-品川-普通,0.0
さいたま新都心,07:12,07:13,07-10-品川-普通,1.0
浦和,07:17,07:17,07-10-品川-普通,2.0
赤羽,07:26,07:26,07-10-品川-普通,3.0
尾久,07:31,07:32,07-10-品川-普通,4.0
上野,07:38,07:39,07-10-品川-普通,5.0
東京,07:44,07:45,07-10-品川-普通,6.0
新橋,07:47,07:48,07-10-品川-普通,7.0
品川,07:54,,07-10-品川-普通,8.0
大宮(埼玉),,13:56,13-57-国府津-快速,0.0
浦和,14:03,14:03,13-57-国府津-快速,1.0
赤羽,14:11,14:11,13-57-国府津-快速,2.0
池袋,14:22,14:23,13-57-国府津-快速,3.0
新宿,14:29,14:30,13-57-国府津-快速,4.0
渋谷,14:34,14:35,13-57-国府津-快速,5.0
恵比寿,14:37,14:37,13-57-国府津-快速,6.0
大崎,14:41,14:42,13-57-国府津-快速,7.0
武蔵小杉,14:50,14:50,13-57-国府津-快速,8.0
横浜,15:00,15:01,13-57-国府津-快速,9.0
戸塚,15:11,15:11,13-57-国府津-快速,10.0
大船,15:16,15:17,13-57-国府津-快速,11.0
藤沢,15:21,15:21,13-57-国府津-快速,12.0
辻堂,15:24,15:25,13-57-国府津-快速,13.0
茅ケ崎,15:28,15:28,13-57-国府津-快速,14.0
平塚,15:32,15:33,13-57-国府津-快速,15.0
大磯,15:36,15:36,13-57-国府津-快速,16.0
二宮,15:40,15:41,13-57-国府津-快速,17.0
国府津,15:45,,13-57-国府津-快速,18.0
大宮(埼玉),,14:50,14-52-熱海-普通,0.0
さいたま新都心,14:54,14:55,14-52-熱海-普通,1.0
浦和,14:59,14:59,14-52-熱海-普通,2.0
赤羽,15:08,15:08,14-52-熱海-普通,3.0
尾久,15:13,15:13,14-52-熱海-普通,4.0
上野,15:19,15:21,14-52-熱海-普通,5.0
東京,15:26,15:27,14-52-熱海-普通,6.0
新橋,15:29,15:30,14-52-熱海-普通,7.0
品川,15:34,15:35,14-52-熱海-普通,8.0
川崎,15:43,15:44,14-52-熱海-普通,9.0
横浜,15:52,15:53,14-52-熱海-普通,10.0
戸塚,16:03,16:03,14-52-熱海-普通,11.0
大船,16:09,16:10,14-52-熱海-普通,12.0
藤沢,16:14,16:14,14-52-熱海-普通,13.0
辻堂,16:18,16:18,14-52-熱海-普通,14.0
茅ケ崎,16:22,16:22,14-52-熱海-普通,15.0
平塚,16:27,16:28,14-52-熱海-普通,16.0
大磯,16:31,16:31,14-52-熱海-普通,17.0
二宮,16:35,16:36,14-52-熱海-普通,18.0
国府津,16:39,16:40,14-52-熱海-普通,19.0
鴨宮,16:43,16:43,14-52-熱海-普通,20.0
小田原,16:46,16:47,14-52-熱海-普通,21.0
早川,16:49,16:49,14-52-熱海-普通,22.0
根府川,16:54,16:54,14-52-熱海-普通,23.0
真鶴,16:59,16:59,14-52-熱海-普通,24.0
湯河原,17:03,17:03,14-52-熱海-普通,25.0
熱海,17:11,,14-52-熱海-普通,26.0
大宮(埼玉),,14:12,14-13-小田原-普通,0.0
さいたま新都心,14:16,14:16,14-13-小田原-普通,1.0
浦和,14:20,14:20,14-13-小田原-普通,2.0
赤羽,14:28,14:29,14-13-小田原-普通,3.0
尾久,14:33,14:33,14-13-小田原-普通,4.0
上野,14:39,14:41,14-13-小田原-普通,5.0
東京,14:46,14:47,14-13-小田原-普通,6.0
新橋,14:49,14:50,14-13-小田原-普通,7.0
品川,14:54,14:55,14-13-小田原-普通,8.0
川崎,15:04,15:05,14-13-小田原-普通,9.0
横浜,15:12,15:13,14-13-小田原-普通,10.0
戸塚,15:23,15:23,14-13-小田原-普通,11.0
大船,15:28,15:29,14-13-小田原-普通,12.0
藤沢,15:33,15:34,14-13-小田原-普通,13.0
辻堂,15:37,15:37,14-13-小田原-普通,14.0
茅ケ崎,15:41,15:41,14-13-小田原-普通,15.0
平塚,15:45,15:46,14-13-小田原-普通,16.0
大磯,15:49,15:50,14-13-小田原-普通,17.0
二宮,15:54,15:54,14-13-小田原-普通,18.0
国府津,15:58,16:02,14-13-小田原-普通,19.0
鴨宮,16:05,16:06,14-13-小田原-普通,20.0
小田原,16:10,,14-13-小田原-普通,21.0
大宮(埼玉),,14:32,14-33-伊東-普通,0.0
さいたま新都心,14:36,14:36,14-33-伊東-普通,1.0
浦和,14:40,14:40,14-33-伊東-普通,2.0
赤羽,14:48,14:49,14-33-伊東-普通,3.0
尾久,14:53,14:53,14-33-伊東-普通,4.0
上野,14:59,15:01,14-33-伊東-普通,5.0
東京,15:06,15:07,14-33-伊東-普通,6.0
新橋,15:10,15:10,14-33-伊東-普通,7.0
品川,15:15,15:15,14-33-伊東-普通,8.0
川崎,15:24,15:25,14-33-伊東-普通,9.0
横浜,15:32,15:33,14-33-伊東-普通,10.0
戸塚,15:43,15:43,14-33-伊東-普通,11.0
大船,15:48,15:49,14-33-伊東-普通,12.0
藤沢,15:53,15:53,14-33-伊東-普通,13.0
辻堂,15:56,15:57,14-33-伊東-普通,14.0
茅ケ崎,16:00,16:00,14-33-伊東-普通,15.0
平塚,16:05,16:10,14-33-伊東-普通,16.0
大磯,16:13,16:14,14-33-伊東-普通,17.0
二宮,16:18,16:18,14-33-伊東-普通,18.0
国府津,16:22,16:23,14-33-伊東-普通,19.0
鴨宮,16:26,16:26,14-33-伊東-普通,20.0
小田原,16:29,16:29,14-33-伊東-普通,21.0
早川,16:32,16:32,14-33-伊東-普通,22.0
根府川,16:36,16:37,14-33-伊東-普通,23.0
真鶴,16:42,16:42,14-33-伊東-普通,24.0
湯河原,16:45,16:46,14-33-伊東-普通,25.0
熱海,16:52,16:53,14-33-伊東-普通,26.0
来宮,16:56,16:56,14-33-伊東-普通,27.0
伊豆多賀,17:01,17:02,14-33-伊東-普通,28.0
網代,17:06,17:06,14-33-伊東-普通,29.0
宇佐美,17:11,17:11,14-33-伊東-普通,30.0
伊東,17:16,,14-33-伊東-普通,31.0
大宮(埼玉),,17:29,17-30-小田原-快速,0.0
浦和,17:35,17:35,17-30-小田原-快速,1.0
赤羽,17:43,17:43,17-30-小田原-快速,2.0
池袋,17:54,17:54,17-30-小田原-快速,3.0
新宿,17:59,18:00,17-30-小田原-快速,4.0
渋谷,18:05,18:06,17-30-小田原-快速,5.0
恵比寿,18:08,18:08,17-30-小田原-快速,6.0
大崎,18:12,18:13,17-30-小田原-快速,7.0
武蔵小杉,18:24,18:24,17-30-小田原-快速,8.0
横浜,18:36,18:37,17-30-小田原-快速,9.0
戸塚,18:49,18:50,17-30-小田原-快速,10.0
大船,18:55,18:56,17-30-小田原-快速,11.0
藤沢,19:00,19:00,17-30-小田原-快速,12.0
辻堂,19:04,19:04,17-30-小田原-快速,13.0
茅ケ崎,19:08,19:08,17-30-小田原-快速,14.0
平塚,19:13,19:14,17-30-小田原-快速,15.0
大磯,19:17,19:18,17-30-小田原-快速,16.0
二宮,19:22,19:23,17-30-小田原-快速,17.0
国府津,19:26,19:27,17-30-小田原-快速,18.0
鴨宮,19:30,19:31,17-30-小田原-快速,19.0
小田原,19:34,,17-30-小田原-快速,20.0
大宮(埼玉),,21:45,21-46-上野-普通,0.0
さいたま新都心,21:48,21:49,21-46-上野-普通,1.0
浦和,21:52,21:53,21-46-上野-普通,2.0
赤羽,22:01,22:01,21-46-上野-普通,3.0
尾久,22:06,22:06,21-46-上野-普通,4.0
上野,22:11,,21-46-上野-普通,5.0
大宮(埼玉),,19:05,19-06-小田原-普通,0.0
さいたま新都心,19:09,19:09,19-06-小田原-普通,1.0
浦和,19:13,19:14,19-06-小田原-普通,2.0
赤羽,19:22,19:22,19-06-小田原-普通,3.0
尾久,19:27,19:27,19-06-小田原-普通,4.0
上野,19:33,19:34,19-06-小田原-普通,5.0
東京,19:39,19:41,19-06-小田原-普通,6.0
新橋,19:43,19:44,19-06-小田原-普通,7.0
品川,19:49,19:50,19-06-小田原-普通,8.0
川崎,19:58,19:59,19-06-小田原-普通,9.0
横浜,20:07,20:08,19-06-小田原-普通,10.0
戸塚,20:18,20:19,19-06-小田原-普通,11.0
大船,20:25,20:26,19-06-小田原-普通,12.0
藤沢,20:30,20:31,19-06-小田原-普通,13.0
辻堂,20:34,20:35,19-06-小田原-普通,14.0
茅ケ崎,20:38,20:39,19-06-小田原-普通,15.0
平塚,20:44,20:50,19-06-小田原-普通,16.0
大磯,20:53,20:54,19-06-小田原-普通,17.0
二宮,20:58,20:58,19-06-小田原-普通,18.0
国府津,21:03,21:10,19-06-小田原-普通,19.0
鴨宮,21:13,21:14,19-06-小田原-普通,20.0
小田原,21:18,,19-06-小田原-普通,21.0
大宮(埼玉),,10:06,10-07-上野-普通,0.0
さいたま新都心,10:09,10:09,10-07-上野-普通,1.0
浦和,10:14,10:14,10-07-上野-普通,2.0
赤羽,10:22,10:22,10-07-上野-普通,3.0
尾久,10:27,10:27,10-07-上野-普通,4.0
上野,10:34,,10-07-上野-普通,5.0
大宮(埼玉),,22:15,22-16-熱海-普通,0.0
さいたま新都心,22:19,22:19,22-16-熱海-普通,1.0
浦和,22:23,22:23,22-16-熱海-普通,2.0
赤羽,22:31,22:32,22-16-熱海-普通,3.0
尾久,22:36,22:36,22-16-熱海-普通,4.0
上野,22:42,22:45,22-16-熱海-普通,5.0
東京,22:50,22:52,22-16-熱海-普通,6.0
新橋,22:54,22:55,22-16-熱海-普通,7.0
品川,23:00,23:02,22-16-熱海-普通,8.0
川崎,23:10,23:11,22-16-熱海-普通,9.0
横浜,23:20,23:25,22-16-熱海-普通,10.0
戸塚,23:35,23:35,22-16-熱海-普通,11.0
大船,23:40,23:40,22-16-熱海-普通,12.0
藤沢,23:45,23:45,22-16-熱海-普通,13.0
辻堂,23:48,23:49,22-16-熱海-普通,14.0
茅ケ崎,23:52,23:53,22-16-熱海-普通,15.0
平塚,23:57,23:57,22-16-熱海-普通,16.0
大磯,24:00,00:01,22-16-熱海-普通,17.0
二宮,00:05,00:06,22-16-熱海-普通,18.0
国府津,00:10,00:11,22-16-熱海-普通,19.0
鴨宮,00:15,00:15,22-16-熱海-普通,20.0
小田原,00:18,00:19,22-16-熱海-普通,21.0
早川,00:21,00:22,22-16-熱海-普通,22.0
根府川,00:26,00:27,22-16-熱海-普通,23.0
真鶴,00:31,00:32,22-16-熱海-普通,24.0
湯河原,00:35,00:36,22-16-熱海-普通,25.0
熱海,00:42,,22-16-熱海-普通,26.0
大宮(埼玉),,18:32,18-33-国府津-快速,0.0
浦和,18:40,18:40,18-33-国府津-快速,1.0
赤羽,18:48,18:48,18-33-国府津-快速,2.0
池袋,19:00,19:02,18-33-国府津-快速,3.0
新宿,19:07,19:08,18-33-国府津-快速,4.0
渋谷,19:12,19:13,18-33-国府津-快速,5.0
恵比寿,19:15,19:15,18-33-国府津-快速,6.0
大崎,19:19,19:20,18-33-国府津-快速,7.0
武蔵小杉,19:27,19:28,18-33-国府津-快速,8.0
横浜,19:38,19:39,18-33-国府津-快速,9.0
戸塚,19:50,19:50,18-33-国府津-快速,10.0
大船,19:55,19:56,18-33-国府津-快速,11.0
藤沢,20:01,20:01,18-33-国府津-快速,12.0
辻堂,20:04,20:05,18-33-国府津-快速,13.0
茅ケ崎,20:08,20:09,18-33-国府津-快速,14.0
平塚,20:13,20:15,18-33-国府津-快速,15.0
大磯,20:18,20:19,18-33-国府津-快速,16.0
二宮,20:23,20:24,18-33-国府津-快速,17.0
国府津,20:28,,18-33-国府津-快速,18.0
大宮(埼玉),,05:49,05-50-小田原-普通,0.0
さいたま新都心,05:52,05:53,05-50-小田原-普通,1.0
浦和,05:57,05:57,05-50-小田原-普通,2.0
赤羽,06:05,06:05,05-50-小田原-普通,3.0
尾久,06:10,06:10,05-50-小田原-普通,4.0
上野,06:16,06:17,05-50-小田原-普通,5.0
東京,06:22,06:23,05-50-小田原-普通,6.0
新橋,06:26,06:26,05-50-小田原-普通,7.0
品川,06:32,06:33,05-50-小田原-普通,8.0
川崎,06:42,06:43,05-50-小田原-普通,9.0
横浜,06:51,06:52,05-50-小田原-普通,10.0
戸塚,07:02,07:02,05-50-小田原-普通,11.0
大船,07:07,07:08,05-50-小田原-普通,12.0
藤沢,07:12,07:13,05-50-小田原-普通,13.0
辻堂,07:16,07:16,05-50-小田原-普通,14.0
茅ケ崎,07:20,07:20,05-50-小田原-普通,15.0
平塚,07:25,07:25,05-50-小田原-普通,16.0
大磯,07:28,07:29,05-50-小田原-普通,17.0
二宮,07:33,07:33,05-50-小田原-普通,18.0
国府津,07:37,07:38,05-50-小田原-普通,19.0
鴨宮,07:41,07:41,05-50-小田原-普通,20.0
小田原,07:46,,05-50-小田原-普通,21.0
大宮(埼玉),,11:32,11-33-熱海-普通,0.0
さいたま新都心,11:35,11:36,11-33-熱海-普通,1.0
浦和,11:40,11:40,11-33-熱海-普通,2.0
赤羽,11:48,11:49,11-33-熱海-普通,3.0
尾久,11:53,11:53,11-33-熱海-普通,4.0
上野,11:59,12:01,11-33-熱海-普通,5.0
東京,12:06,12:07,11-33-熱海-普通,6.0
新橋,12:10,12:10,11-33-熱海-普通,7.0
品川,12:15,12:15,11-33-熱海-普通,8.0
川崎,12:24,12:25,11-33-熱海-普通,9.0
横浜,12:32,12:33,11-33-熱海-普通,10.0
戸塚,12:43,12:44,11-33-熱海-普通,11.0
大船,12:49,12:49,11-33-熱海-普通,12.0
藤沢,12:53,12:54,11-33-熱海-普通,13.0
辻堂,12:57,12:57,11-33-熱海-普通,14.0
茅ケ崎,13:01,13:01,11-33-熱海-普通,15.0
平塚,13:06,13:08,11-33-熱海-普通,16.0
大磯,13:11,13:12,11-33-熱海-普通,17.0
二宮,13:16,13:16,11-33-熱海-普通,18.0
国府津,13:20,13:21,11-33-熱海-普通,19.0
鴨宮,13:24,13:24,11-33-熱海-普通,20.0
小田原,13:27,13:28,11-33-熱海-普通,21.0
早川,13:31,13:31,11-33-熱海-普通,22.0
根府川,13:36,13:40,11-33-熱海-普通,23.0
真鶴,13:46,13:47,11-33-熱海-普通,24.0
湯河原,13:50,13:51,11-33-熱海-普通,25.0
熱海,13:57,,11-33-熱海-普通,26.0
大宮(埼玉),,22:38,22-39-東京-普通,0.0
さいたま新都心,22:42,22:42,22-39-東京-普通,1.0
浦和,22:46,22:46,22-39-東京-普通,2.0
赤羽,22:54,22:55,22-39-東京-普通,3.0
尾久,22:59,22:59,22-39-東京-普通,4.0
上野,23:05,23:06,22-39-東京-普通,5.0
東京,23:11,,22-39-東京-普通,6.0
大宮(埼玉),,12:32,12-33-熱海-普通,0.0
さいたま新都心,12:35,12:36,12-33-熱海-普通,1.0
浦和,12:40,12:40,12-33-熱海-普通,2.0
赤羽,12:48,12:49,12-33-熱海-普通,3.0
尾久,12:53,12:53,12-33-熱海-普通,4.0
上野,12:59,13:01,12-33-熱海-普通,5.0
東京,13:06,13:07,12-33-熱海-普通,6.0
新橋,13:10,13:10,12-33-熱海-普通,7.0
品川,13:15,13:15,12-33-熱海-普通,8.0
川崎,13:24,13:25,12-33-熱海-普通,9.0
横浜,13:32,13:33,12-33-熱海-普通,10.0
戸塚,13:43,13:43,12-33-熱海-普通,11.0
大船,13:48,13:49,12-33-熱海-普通,12.0
藤沢,13:53,13:54,12-33-熱海-普通,13.0
辻堂,13:57,13:57,12-33-熱海-普通,14.0
茅ケ崎,14:01,14:01,12-33-熱海-普通,15.0
平塚,14:06,14:07,12-33-熱海-普通,16.0
大磯,14:10,14:10,12-33-熱海-普通,17.0
二宮,14:14,14:15,12-33-熱海-普通,18.0
国府津,14:18,14:19,12-33-熱海-普通,19.0
鴨宮,14:22,14:23,12-33-熱海-普通,20.0
小田原,14:26,14:27,12-33-熱海-普通,21.0
早川,14:29,14:29,12-33-熱海-普通,22.0
根府川,14:35,14:40,12-33-熱海-普通,23.0
真鶴,14:46,14:46,12-33-熱海-普通,24.0
湯河原,14:50,14:50,12-33-熱海-普通,25.0
熱海,14:57,,12-33-熱海-普通,26.0
大宮(埼玉),,13:12,13-13-小田原-普通,0.0
さいたま新都心,13:16,13:16,13-13-小田原-普通,1.0
浦和,13:20,13:21,13-13-小田原-普通,2.0
赤羽,13:28,13:29,13-13-小田原-普通,3.0
尾久,13:33,13:34,13-13-小田原-普通,4.0
上野,13:39,13:41,13-13-小田原-普通,5.0
東京,13:46,13:47,13-13-小田原-普通,6.0
新橋,13:49,13:50,13-13-小田原-普通,7.0
品川,13:54,13:55,13-13-小田原-普通,8.0
川崎,14:04,14:05,13-13-小田原-普通,9.0
横浜,14:12,14:13,13-13-小田原-普通,10.0
戸塚,14:23,14:23,13-13-小田原-普通,11.0
大船,14:28,14:29,13-13-小田原-普通,12.0
藤沢,14:33,14:34,13-13-小田原-普通,13.0
辻堂,14:37,14:37,13-13-小田原-普通,14.0
茅ケ崎,14:41,14:41,13-13-小田原-普通,15.0
平塚,14:46,14:47,13-13-小田原-普通,16.0
大磯,14:50,14:51,13-13-小田原-普通,17.0
二宮,14:55,14:56,13-13-小田原-普通,18.0
国府津,15:00,15:01,13-13-小田原-普通,19.0
鴨宮,15:04,15:04,13-13-小田原-普通,20.0
小田原,15:08,,13-13-小田原-普通,21.0
大宮(埼玉),,14:55,14-56-平塚-快速,0.0
浦和,15:02,15:03,14-56-平塚-快速,1.0
赤羽,15:11,15:12,14-56-平塚-快速,2.0
池袋,15:22,15:23,14-56-平塚-快速,3.0
新宿,15:29,15:30,14-56-平塚-快速,4.0
渋谷,15:34,15:35,14-56-平塚-快速,5.0
恵比寿,15:37,15:37,14-56-平塚-快速,6.0
大崎,15:41,15:42,14-56-平塚-快速,7.0
武蔵小杉,15:50,15:50,14-56-平塚-快速,8.0
横浜,16:00,16:01,14-56-平塚-快速,9.0
戸塚,16:10,16:10,14-56-平塚-快速,10.0
大船,16:15,16:16,14-56-平塚-快速,11.0
藤沢,16:20,16:20,14-56-平塚-快速,12.0
辻堂,16:23,16:24,14-56-平塚-快速,13.0
茅ケ崎,16:27,16:27,14-56-平塚-快速,14.0
平塚,16:32,,14-56-平塚-快速,15.0
大宮(埼玉),,08:56,08-57-国府津-快速,0.0
浦和,09:03,09:04,08-57-国府津-快速,1.0
赤羽,09:13,09:13,08-57-国府津-快速,2.0
池袋,09:23,09:24,08-57-国府津-快速,3.0
新宿,09:29,09:30,08-57-国府津-快速,4.0
渋谷,09:35,09:36,08-57-国府津-快速,5.0
恵比寿,09:38,09:38,08-57-国府津-快速,6.0
大崎,09:42,09:42,08-57-国府津-快速,7.0
武蔵小杉,09:54,09:54,08-57-国府津-快速,8.0
横浜,10:05,10:05,08-57-国府津-快速,9.0
戸塚,10:15,10:16,08-57-国府津-快速,10.0
大船,10:21,10:22,08-57-国府津-快速,11.0
藤沢,10:26,10:26,08-57-国府津-快速,12.0
辻堂,10:29,10:30,08-57-国府津-快速,13.0
茅ケ崎,10:33,10:33,08-57-国府津-快速,14.0
平塚,10:38,10:39,08-57-国府津-快速,15.0
大磯,10:42,10:42,08-57-国府津-快速,16.0
二宮,10:46,10:47,08-57-国府津-快速,17.0
国府津,10:52,,08-57-国府津-快速,18.0
大宮(埼玉),,06:36,06-37-上野-普通,0.0
さいたま新都心,06:39,06:40,06-37-上野-普通,1.0
浦和,06:44,06:44,06-37-上野-普通,2.0
赤羽,06:52,06:52,06-37-上野-普通,3.0
尾久,06:57,06:57,06-37-上野-普通,4.0
上野,07:02,,06-37-上野-普通,5.0
大宮(埼玉),,21:27,21-28-小田原-普通,0.0
さいたま新都心,21:30,21:30,21-28-小田原-普通,1.0
浦和,21:34,21:35,21-28-小田原-普通,2.0
赤羽,21:42,21:43,21-28-小田原-普通,3.0
尾久,21:47,21:48,21-28-小田原-普通,4.0
上野,21:53,21:54,21-28-小田原-普通,5.0
東京,22:01,22:02,21-28-小田原-普通,6.0
新橋,22:05,22:06,21-28-小田原-普通,7.0
品川,22:11,22:12,21-28-小田原-普通,8.0
川崎,22:20,22:21,21-28-小田原-普通,9.0
横浜,22:29,22:30,21-28-小田原-普通,10.0
戸塚,22:40,22:40,21-28-小田原-普通,11.0
大船,22:45,22:46,21-28-小田原-普通,12.0
藤沢,22:50,22:51,21-28-小田原-普通,13.0
辻堂,22:54,22:55,21-28-小田原-普通,14.0
茅ケ崎,22:58,22:59,21-28-小田原-普通,15.0
平塚,23:03,23:04,21-28-小田原-普通,16.0
大磯,23:07,23:07,21-28-小田原-普通,17.0
二宮,23:12,23:12,21-28-小田原-普通,18.0
国府津,23:16,23:17,21-28-小田原-普通,19.0
鴨宮,23:20,23:20,21-28-小田原-普通,20.0
小田原,23:24,,21-28-小田原-普通,21.0
大宮(埼玉),,18:55,18-56-上野-普通,0.0
さいたま新都心,18:59,18:59,18-56-上野-普通,1.0
浦和,19:03,19:03,18-56-上野-普通,2.0
赤羽,19:11,19:12,18-56-上野-普通,3.0
尾久,19:16,19:16,18-56-上野-普通,4.0
上野,19:22,,18-56-上野-普通,5.0
大宮(埼玉),,15:13,15-14-熱海-普通,0.0
さいたま新都心,15:16,15:17,15-14-熱海-普通,1.0
浦和,15:21,15:21,15-14-熱海-普通,2.0
赤羽,15:29,15:29,15-14-熱海-普通,3.0
尾久,15:34,15:34,15-14-熱海-普通,4.0
上野,15:40,15:41,15-14-熱海-普通,5.0
東京,15:46,15:47,15-14-熱海-普通,6.0
新橋,15:49,15:50,15-14-熱海-普通,7.0
品川,15:54,15:55,15-14-熱海-普通,8.0
川崎,16:04,16:05,15-14-熱海-普通,9.0
横浜,16:12,16:13,15-14-熱海-普通,10.0
戸塚,16:23,16:23,15-14-熱海-普通,11.0
大船,16:28,16:29,15-14-熱海-普通,12.0
藤沢,16:33,16:34,15-14-熱海-普通,13.0
辻堂,16:37,16:37,15-14-熱海-普通,14.0
茅ケ崎,16:41,16:41,15-14-熱海-普通,15.0
平塚,16:46,16:46,15-14-熱海-普通,16.0
大磯,16:49,16:50,15-14-熱海-普通,17.0
二宮,16:54,16:54,15-14-熱海-普通,18.0
国府津,16:59,17:03,15-14-熱海-普通,19.0
鴨宮,17:06,17:07,15-14-熱海-普通,20.0
小田原,17:11,17:17,15-14-熱海-普通,21.0
早川,17:19,17:19,15-14-熱海-普通,22.0
根府川,17:24,17:24,15-14-熱海-普通,23.0
真鶴,17:29,17:29,15-14-熱海-普通,24.0
湯河原,17:33,17:33,15-14-熱海-普通,25.0
熱海,17:40,,15-14-熱海-普通,26.0
大宮(埼玉),,13:26,13-27-小田原-特別快速,0.0
浦和,13:33,13:34,13-27-小田原-特別快速,1.0
赤羽,13:42,13:42,13-27-小田原-特別快速,2.0
池袋,13:52,13:52,13-27-小田原-特別快速,3.0
新宿,13:57,14:00,13-27-小田原-特別快速,4.0
渋谷,14:04,14:05,13-27-小田原-特別快速,5.0
大崎,14:10,14:11,13-27-小田原-特別快速,6.0
武蔵小杉,14:18,14:19,13-27-小田原-特別快速,7.0
横浜,14:29,14:30,13-27-小田原-特別快速,8.0
戸塚,14:39,14:40,13-27-小田原-特別快速,9.0
大船,14:44,14:45,13-27-小田原-特別快速,10.0
藤沢,14:49,14:49,13-27-小田原-特別快速,11.0
茅ケ崎,14:54,14:55,13-27-小田原-特別快速,12.0
平塚,14:59,14:59,13-27-小田原-特別快速,13.0
国府津,15:08,15:09,13-27-小田原-特別快速,14.0
小田原,15:14,,13-27-小田原-特別快速,15.0
大宮(埼玉),,15:32,15-33-平塚-普通,0.0
さいたま新都心,15:35,15:36,15-33-平塚-普通,1.0
浦和,15:40,15:40,15-33-平塚-普通,2.0
赤羽,15:48,15:49,15-33-平塚-普通,3.0
尾久,15:53,15:53,15-33-平塚-普通,4.0
上野,15:59,16:01,15-33-平塚-普通,5.0
東京,16:06,16:07,15-33-平塚-普通,6.0
新橋,16:10,16:10,15-33-平塚-普通,7.0
品川,16:15,16:15,15-33-平塚-普通,8.0
川崎,16:24,16:25,15-33-平塚-普通,9.0
横浜,16:32,16:33,15-33-平塚-普通,10.0
戸塚,16:43,16:43,15-33-平塚-普通,11.0
大船,16:48,16:49,15-33-平塚-普通,12.0
藤沢,16:53,16:53,15-33-平塚-普通,13.0
辻堂,16:56,16:57,15-33-平塚-普通,14.0
茅ケ崎,17:00,17:00,15-33-平塚-普通,15.0
平塚,17:05,,15-33-平塚-普通,16.0
大宮(埼玉),,21:34,21-35-平塚-普通,0.0
さいたま新都心,21:37,21:38,21-35-平塚-普通,1.0
浦和,21:42,21:42,21-35-平塚-普通,2.0
赤羽,21:50,21:50,21-35-平塚-普通,3.0
尾久,21:55,21:55,21-35-平塚-普通,4.0
上野,22:02,22:05,21-35-平塚-普通,5.0
東京,22:10,22:12,21-35-平塚-普通,6.0
新橋,22:14,22:15,21-35-平塚-普通,7.0
品川,22:20,22:21,21-35-平塚-普通,8.0
川崎,22:30,22:31,21-35-平塚-普通,9.0
横浜,22:40,22:41,21-35-平塚-普通,10.0
戸塚,22:51,22:52,21-35-平塚-普通,11.0
大船,22:56,22:57,21-35-平塚-普通,12.0
藤沢,23:01,23:02,21-35-平塚-普通,13.0
辻堂,23:05,23:06,21-35-平塚-普通,14.0
茅ケ崎,23:09,23:10,21-35-平塚-普通,15.0
平塚,23:15,,21-35-平塚-普通,16.0
大宮(埼玉),,08:10,08-11-小田原-普通,0.0
さいたま新都心,08:14,08:14,08-11-小田原-普通,1.0
浦和,08:18,08:19,08-11-小田原-普通,2.0
赤羽,08:28,08:28,08-11-小田原-普通,3.0
尾久,08:33,08:34,08-11-小田原-普通,4.0
上野,08:41,08:42,08-11-小田原-普通,5.0
東京,08:47,08:50,08-11-小田原-普通,6.0
新橋,08:52,08:53,08-11-小田原-普通,7.0
品川,08:58,08:59,08-11-小田原-普通,8.0
川崎,09:07,09:08,08-11-小田原-普通,9.0
横浜,09:17,09:18,08-11-小田原-普通,10.0
戸塚,09:28,09:29,08-11-小田原-普通,11.0
大船,09:34,09:39,08-11-小田原-普通,12.0
藤沢,09:43,09:44,08-11-小田原-普通,13.0
辻堂,09:47,09:48,08-11-小田原-普通,14.0
茅ケ崎,09:51,09:51,08-11-小田原-普通,15.0
平塚,09:56,09:57,08-11-小田原-普通,16.0
大磯,10:00,10:00,08-11-小田原-普通,17.0
二宮,10:04,10:05,08-11-小田原-普通,18.0
国府津,10:09,10:10,08-11-小田原-普通,19.0
鴨宮,10:13,10:13,08-11-小田原-普通,20.0
小田原,10:17,,08-11-小田原-普通,21.0
大宮(埼玉),,07:14,07-15-上野-普通,0.0
さいたま新都心,07:17,07:18,07-15-上野-普通,1.0
浦和,07:22,07:22,07-15-上野-普通,2.0
赤羽,07:31,07:31,07-15-上野-普通,3.0
尾久,07:36,07:37,07-15-上野-普通,4.0
上野,07:42,,07-15-上野-普通,5.0
大宮(埼玉),,17:43,17-44-上野-草津,0.0
浦和,17:50,17:50,17-44-上野-草津,1.0
赤羽,17:58,17:59,17-44-上野-草津,2.0
上野,18:09,,17-44-上野-草津,3.0
大宮(埼玉),,06:49,06-50-上野-普通,0.0
さいたま新都心,06:52,06:52,06-50-上野-普通,1.0
浦和,06:56,06:57,06-50-上野-普通,2.0
赤羽,07:05,07:06,06-50-上野-普通,3.0
尾久,07:10,07:10,06-50-上野-普通,4.0
上野,07:16,,06-50-上野-普通,5.0
大宮(埼玉),,20:43,20-44-上野-アーバン,0.0
浦和,20:50,20:50,20-44-上野-アーバン,1.0
赤羽,20:58,20:58,20-44-上野-アーバン,2.0
上野,21:08,,20-44-上野-アーバン,3.0
大宮(埼玉),,18:20,18-21-小田原-普通,0.0
さいたま新都心,18:23,18:24,18-21-小田原-普通,1.0
浦和,18:28,18:28,18-21-小田原-普通,2.0
赤羽,18:36,18:37,18-21-小田原-普通,3.0
尾久,18:41,18:42,18-21-小田原-普通,4.0
上野,18:48,18:49,18-21-小田原-普通,5.0
東京,18:54,18:55,18-21-小田原-普通,6.0
新橋,18:57,18:58,18-21-小田原-普通,7.0
品川,19:03,19:04,18-21-小田原-普通,8.0
川崎,19:13,19:13,18-21-小田原-普通,9.0
横浜,19:22,19:26,18-21-小田原-普通,10.0
戸塚,19:36,19:36,18-21-小田原-普通,11.0
大船,19:41,19:42,18-21-小田原-普通,12.0
藤沢,19:47,19:47,18-21-小田原-普通,13.0
辻堂,19:51,19:51,18-21-小田原-普通,14.0
茅ケ崎,19:55,19:55,18-21-小田原-普通,15.0
平塚,20:00,20:01,18-21-小田原-普通,16.0
大磯,20:04,20:05,18-21-小田原-普通,17.0
二宮,20:09,20:09,18-21-小田原-普通,18.0
国府津,20:14,20:17,18-21-小田原-普通,19.0
鴨宮,20:20,20:20,18-21-小田原-普通,20.0
小田原,20:25,,18-21-小田原-普通,21.0
大宮(埼玉),,06:40,06-41-上野-スワローあかぎ,0.0
浦和,06:47,06:48,06-41-上野-スワローあかぎ,1.0
赤羽,06:55,06:56,06-41-上野-スワローあかぎ,2.0
上野,07:05,,06-41-上野-スワローあかぎ,3.0
大宮(埼玉),,08:25,08-26-国府津-快速,0.0
浦和,08:34,08:34,08-26-国府津-快速,1.0
赤羽,08:44,08:44,08-26-国府津-快速,2.0
池袋,08:55,08:57,08-26-国府津-快速,3.0
新宿,09:02,09:03,08-26-国府津-快速,4.0
渋谷,09:08,09:09,08-26-国府津-快速,5.0
恵比寿,09:11,09:12,08-26-国府津-快速,6.0
大崎,09:15,09:16,08-26-国府津-快速,7.0
武蔵小杉,09:26,09:26,08-26-国府津-快速,8.0
横浜,09:38,09:38,08-26-国府津-快速,9.0
戸塚,09:49,09:50,08-26-国府津-快速,10.0
大船,09:55,09:55,08-26-国府津-快速,11.0
藤沢,09:59,10:00,08-26-国府津-快速,12.0
辻堂,10:03,10:03,08-26-国府津-快速,13.0
茅ケ崎,10:06,10:07,08-26-国府津-快速,14.0
平塚,10:11,10:11,08-26-国府津-快速,15.0
大磯,10:14,10:15,08-26-国府津-快速,16.0
二宮,10:19,10:19,08-26-国府津-快速,17.0
国府津,10:23,,08-26-国府津-快速,18.0
大宮(埼玉),,06:25,06-26-熱海-普通,0.0
さいたま新都心,06:29,06:29,06-26-熱海-普通,1.0
浦和,06:33,06:34,06-26-熱海-普通,2.0
赤羽,06:42,06:42,06-26-熱海-普通,3.0
尾久,06:46,06:47,06-26-熱海-普通,4.0
上野,06:53,06:54,06-26-熱海-普通,5.0
東京,06:59,07:01,06-26-熱海-普通,6.0
新橋,07:03,07:04,06-26-熱海-普通,7.0
品川,07:09,07:10,06-26-熱海-普通,8.0
川崎,07:19,07:19,06-26-熱海-普通,9.0
横浜,07:27,07:28,06-26-熱海-普通,10.0
戸塚,07:38,07:38,06-26-熱海-普通,11.0
大船,07:43,07:44,06-26-熱海-普通,12.0
藤沢,07:48,07:49,06-26-熱海-普通,13.0
辻堂,07:53,07:53,06-26-熱海-普通,14.0
茅ケ崎,07:57,07:57,06-26-熱海-普通,15.0
平塚,08:02,08:04,06-26-熱海-普通,16.0
大磯,08:08,08:08,06-26-熱海-普通,17.0
二宮,08:13,08:13,06-26-熱海-普通,18.0
国府津,08:17,08:18,06-26-熱海-普通,19.0
鴨宮,08:22,08:22,06-26-熱海-普通,20.0
小田原,08:26,08:30,06-26-熱海-普通,21.0
早川,08:32,08:33,06-26-熱海-普通,22.0
根府川,08:39,08:43,06-26-熱海-普通,23.0
真鶴,08:48,08:48,06-26-熱海-普通,24.0
湯河原,08:52,08:52,06-26-熱海-普通,25.0
熱海,08:59,,06-26-熱海-普通,26.0
大宮(埼玉),,12:56,12-57-平塚-快速,0.0
浦和,13:02,13:03,12-57-平塚-快速,1.0
赤羽,13:11,13:11,12-57-平塚-快速,2.0
池袋,13:22,13:23,12-57-平塚-快速,3.0
新宿,13:29,13:30,12-57-平塚-快速,4.0
渋谷,13:34,13:35,12-57-平塚-快速,5.0
恵比寿,13:37,13:37,12-57-平塚-快速,6.0
大崎,13:41,13:42,12-57-平塚-快速,7.0
武蔵小杉,13:50,13:50,12-57-平塚-快速,8.0
横浜,14:00,14:01,12-57-平塚-快速,9.0
戸塚,14:11,14:11,12-57-平塚-快速,10.0
大船,14:16,14:17,12-57-平塚-快速,11.0
藤沢,14:21,14:21,12-57-平塚-快速,12.0
辻堂,14:24,14:25,12-57-平塚-快速,13.0
茅ケ崎,14:28,14:28,12-57-平塚-快速,14.0
平塚,14:33,,12-57-平塚-快速,15.0
大宮(埼玉),,06:17,06-18-小田原-普通,0.0
さいたま新都心,06:20,06:21,06-18-小田原-普通,1.0
浦和,06:25,06:25,06-18-小田原-普通,2.0
赤羽,06:33,06:33,06-18-小田原-普通,3.0
尾久,06:38,06:38,06-18-小田原-普通,4.0
上野,06:45,06:47,06-18-小田原-普通,5.0
東京,06:52,06:53,06-18-小田原-普通,6.0
新橋,06:55,06:56,06-18-小田原-普通,7.0
品川,07:01,07:02,06-18-小田原-普通,8.0
川崎,07:11,07:11,06-18-小田原-普通,9.0
横浜,07:19,07:20,06-18-小田原-普通,10.0
戸塚,07:29,07:30,06-18-小田原-普通,11.0
大船,07:35,07:36,06-18-小田原-普通,12.0
藤沢,07:40,07:40,06-18-小田原-普通,13.0
辻堂,07:44,07:44,06-18-小田原-普通,14.0
茅ケ崎,07:48,07:49,06-18-小田原-普通,15.0
平塚,07:53,07:54,06-18-小田原-普通,16.0
大磯,07:57,07:58,06-18-小田原-普通,17.0
二宮,08:02,08:02,06-18-小田原-普通,18.0
国府津,08:06,08:07,06-18-小田原-普通,19.0
鴨宮,08:10,08:10,06-18-小田原-普通,20.0
小田原,08:14,,06-18-小田原-普通,21.0
大宮(埼玉),,23:04,23-05-上野-普通,0.0
さいたま新都心,23:08,23:08,23-05-上野-普通,1.0
浦和,23:12,23:13,23-05-上野-普通,2.0
赤羽,23:21,23:21,23-05-上野-普通,3.0
尾久,23:25,23:26,23-05-上野-普通,4.0
上野,23:32,,23-05-上野-普通,5.0
大宮(埼玉),,06:56,06-58-小田原-普通,0.0
さいたま新都心,07:01,07:01,06-58-小田原-普通,1.0
浦和,07:05,07:06,06-58-小田原-普通,2.0
赤羽,07:14,07:15,06-58-小田原-普通,3.0
尾久,07:19,07:20,06-58-小田原-普通,4.0
上野,07:26,07:29,06-58-小田原-普通,5.0
東京,07:34,07:35,06-58-小田原-普通,6.0
新橋,07:37,07:38,06-58-小田原-普通,7.0
品川,07:43,07:44,06-58-小田原-普通,8.0
川崎,07:53,07:53,06-58-小田原-普通,9.0
横浜,08:01,08:02,06-58-小田原-普通,10.0
戸塚,08:12,08:12,06-58-小田原-普通,11.0
大船,08:17,08:18,06-58-小田原-普通,12.0
藤沢,08:22,08:23,06-58-小田原-普通,13.0
辻堂,08:26,08:26,06-58-小田原-普通,14.0
茅ケ崎,08:30,08:30,06-58-小田原-普通,15.0
平塚,08:35,08:36,06-58-小田原-普通,16.0
大磯,08:39,08:39,06-58-小田原-普通,17.0
二宮,08:44,08:44,06-58-小田原-普通,18.0
国府津,08:48,08:49,06-58-小田原-普通,19.0
鴨宮,08:52,08:53,06-58-小田原-普通,20.0
小田原,08:56,,06-58-小田原-普通,21.0
大宮(埼玉),,15:50,15-53-沼津-普通,0.0
さいたま新都心,15:56,15:56,15-53-沼津-普通,1.0
浦和,16:00,16:01,15-53-沼津-普通,2.0
赤羽,16:08,16:09,15-53-沼津-普通,3.0
尾久,16:13,16:14,15-53-沼津-普通,4.0
上野,16:19,16:21,15-53-沼津-普通,5.0
東京,16:26,16:27,15-53-沼津-普通,6.0
新橋,16:29,16:30,15-53-沼津-普通,7.0
品川,16:34,16:35,15-53-沼津-普通,8.0
川崎,16:44,16:45,15-53-沼津-普通,9.0
横浜,16:53,16:54,15-53-沼津-普通,10.0
戸塚,17:04,17:04,15-53-沼津-普通,11.0
大船,17:09,17:10,15-53-沼津-普通,12.0
藤沢,17:14,17:15,15-53-沼津-普通,13.0
辻堂,17:18,17:19,15-53-沼津-普通,14.0
茅ケ崎,17:22,17:22,15-53-沼津-普通,15.0
平塚,17:27,17:28,15-53-沼津-普通,16.0
大磯,17:31,17:32,15-53-沼津-普通,17.0
二宮,17:36,17:36,15-53-沼津-普通,18.0
国府津,17:40,17:43,15-53-沼津-普通,19.0
鴨宮,17:46,17:46,15-53-沼津-普通,20.0
小田原,17:50,17:53,15-53-沼津-普通,21.0
早川,17:56,17:56,15-53-沼津-普通,22.0
根府川,18:00,18:01,15-53-沼津-普通,23.0
真鶴,18:06,18:06,15-53-沼津-普通,24.0
湯河原,18:09,18:10,15-53-沼津-普通,25.0
熱海,18:16,18:21,15-53-沼津-普通,26.0
函南,18:28,18:28,15-53-沼津-普通,27.0
三島,18:33,18:34,15-53-沼津-普通,28.0
沼津,18:39,,15-53-沼津-普通,29.0
大宮(埼玉),,18:40,18-41-沼津-普通,0.0
さいたま新都心,18:44,18:44,18-41-沼津-普通,1.0
浦和,18:48,18:49,18-41-沼津-普通,2.0
赤羽,18:56,18:57,18-41-沼津-普通,3.0
尾久,19:01,19:02,18-41-沼津-普通,4.0
上野,19:07,19:11,18-41-沼津-普通,5.0
東京,19:16,19:17,18-41-沼津-普通,6.0
新橋,19:20,19:21,18-41-沼津-普通,7.0
品川,19:25,19:26,18-41-沼津-普通,8.0
川崎,19:36,19:37,18-41-沼津-普通,9.0
横浜,19:45,19:46,18-41-沼津-普通,10.0
戸塚,19:55,19:56,18-41-沼津-普通,11.0
大船,20:01,20:02,18-41-沼津-普通,12.0
藤沢,20:07,20:07,18-41-沼津-普通,13.0
辻堂,20:11,20:11,18-41-沼津-普通,14.0
茅ケ崎,20:15,20:15,18-41-沼津-普通,15.0
平塚,20:21,20:26,18-41-沼津-普通,16.0
大磯,20:29,20:30,18-41-沼津-普通,17.0
二宮,20:34,20:34,18-41-沼津-普通,18.0
国府津,20:38,20:39,18-41-沼津-普通,19.0
鴨宮,20:42,20:43,18-41-沼津-普通,20.0
小田原,20:46,20:46,18-41-沼津-普通,21.0
早川,20:48,20:49,18-41-沼津-普通,22.0
根府川,20:53,20:54,18-41-沼津-普通,23.0
真鶴,20:58,20:59,18-41-沼津-普通,24.0
湯河原,21:02,21:03,18-41-沼津-普通,25.0
熱海,21:09,21:11,18-41-沼津-普通,26.0
函南,21:19,21:20,18-41-沼津-普通,27.0
三島,21:26,21:27,18-41-沼津-普通,28.0
沼津,21:32,,18-41-沼津-普通,29.0
大宮(埼玉),,22:10,22-11-小田原-快速,0.0
浦和,22:16,22:17,22-11-小田原-快速,1.0
赤羽,22:25,22:25,22-11-小田原-快速,2.0
池袋,22:35,22:36,22-11-小田原-快速,3.0
新宿,22:41,22:42,22-11-小田原-快速,4.0
渋谷,22:46,22:47,22-11-小田原-快速,5.0
恵比寿,22:49,22:49,22-11-小田原-快速,6.0
大崎,22:53,22:56,22-11-小田原-快速,7.0
武蔵小杉,23:03,23:04,22-11-小田原-快速,8.0
横浜,23:14,23:15,22-11-小田原-快速,9.0
戸塚,23:25,23:25,22-11-小田原-快速,10.0
大船,23:30,23:31,22-11-小田原-快速,11.0
藤沢,23:35,23:36,22-11-小田原-快速,12.0
辻堂,23:39,23:40,22-11-小田原-快速,13.0
茅ケ崎,23:43,23:44,22-11-小田原-快速,14.0
平塚,23:48,23:48,22-11-小田原-快速,15.0
大磯,23:51,23:52,22-11-小田原-快速,16.0
二宮,23:56,23:56,22-11-小田原-快速,17.0
国府津,24:00,00:01,22-11-小田原-快速,18.0
鴨宮,00:04,00:05,22-11-小田原-快速,19.0
小田原,00:08,,22-11-小田原-快速,20.0
大宮(埼玉),,10:56,10-57-平塚-快速,0.0
浦和,11:02,11:03,10-57-平塚-快速,1.0
赤羽,11:11,11:11,10-57-平塚-快速,2.0
池袋,11:22,11:23,10-57-平塚-快速,3.0
新宿,11:28,11:30,10-57-平塚-快速,4.0
渋谷,11:34,11:35,10-57-平塚-快速,5.0
恵比寿,11:37,11:37,10-57-平塚-快速,6.0
大崎,11:41,11:42,10-57-平塚-快速,7.0
武蔵小杉,11:50,11:50,10-57-平塚-快速,8.0
横浜,12:00,12:01,10-57-平塚-快速,9.0
戸塚,12:11,12:11,10-57-平塚-快速,10.0
大船,12:16,12:17,10-57-平塚-快速,11.0
藤沢,12:21,12:21,10-57-平塚-快速,12.0
辻堂,12:24,12:25,10-57-平塚-快速,13.0
茅ケ崎,12:28,12:28,10-57-平塚-快速,14.0
平塚,12:33,,10-57-平塚-快速,15.0
大宮(埼玉),,09:16,09-18-熱海-普通,0.0
さいたま新都心,09:21,09:22,09-18-熱海-普通,1.0
浦和,09:26,09:26,09-18-熱海-普通,2.0
赤羽,09:35,09:35,09-18-熱海-普通,3.0
尾久,09:40,09:40,09-18-熱海-普通,4.0
上野,09:47,09:50,09-18-熱海-普通,5.0
東京,09:55,09:56,09-18-熱海-普通,6.0
新橋,09:59,09:59,09-18-熱海-普通,7.0
品川,10:04,10:05,09-18-熱海-普通,8.0
川崎,10:13,10:13,09-18-熱海-普通,9.0
横浜,10:22,10:26,09-18-熱海-普通,10.0
戸塚,10:35,10:36,09-18-熱海-普通,11.0
大船,10:41,10:41,09-18-熱海-普通,12.0
藤沢,10:45,10:46,09-18-熱海-普通,13.0
辻堂,10:49,10:49,09-18-熱海-普通,14.0
茅ケ崎,10:52,10:53,09-18-熱海-普通,15.0
平塚,10:57,10:57,09-18-熱海-普通,16.0
大磯,11:00,11:01,09-18-熱海-普通,17.0
二宮,11:05,11:05,09-18-熱海-普通,18.0
国府津,11:09,11:10,09-18-熱海-普通,19.0
鴨宮,11:13,11:13,09-18-熱海-普通,20.0
小田原,11:16,11:17,09-18-熱海-普通,21.0
早川,11:19,11:20,09-18-熱海-普通,22.0
根府川,11:24,11:25,09-18-熱海-普通,23.0
真鶴,11:30,11:30,09-18-熱海-普通,24.0
湯河原,11:34,11:34,09-18-熱海-普通,25.0
熱海,11:41,,09-18-熱海-普通,26.0
大宮(埼玉),,23:48,23-48-上野-普通,0.0
さいたま新都心,23:50,23:51,23-48-上野-普通,1.0
浦和,23:55,23:55,23-48-上野-普通,2.0
赤羽,00:03,00:04,23-48-上野-普通,3.0
尾久,00:08,00:08,23-48-上野-普通,4.0
上野,00:14,,23-48-上野-普通,5.0
大宮(埼玉),,18:05,18-06-平塚-普通,0.0
さいたま新都心,18:08,18:09,18-06-平塚-普通,1.0
浦和,18:13,18:13,18-06-平塚-普通,2.0
赤羽,18:21,18:21,18-06-平塚-普通,3.0
尾久,18:26,18:26,18-06-平塚-普通,4.0
上野,18:32,18:33,18-06-平塚-普通,5.0
東京,18:39,18:40,18-06-平塚-普通,6.0
新橋,18:43,18:43,18-06-平塚-普通,7.0
品川,18:48,18:49,18-06-平塚-普通,8.0
川崎,18:58,18:59,18-06-平塚-普通,9.0
横浜,19:08,19:09,18-06-平塚-普通,10.0
戸塚,19:19,19:19,18-06-平塚-普通,11.0
大船,19:24,19:25,18-06-平塚-普通,12.0
藤沢,19:30,19:30,18-06-平塚-普通,13.0
辻堂,19:34,19:34,18-06-平塚-普通,14.0
茅ケ崎,19:38,19:38,18-06-平塚-普通,15.0
平塚,19:44,,18-06-平塚-普通,16.0
大宮(埼玉),,10:27,10-28-小田原-特別快速,0.0
浦和,10:33,10:34,10-28-小田原-特別快速,1.0
赤羽,10:42,10:42,10-28-小田原-特別快速,2.0
池袋,10:53,10:53,10-28-小田原-特別快速,3.0
新宿,10:58,11:00,10-28-小田原-特別快速,4.0
渋谷,11:04,11:05,10-28-小田原-特別快速,5.0
大崎,11:10,11:11,10-28-小田原-特別快速,6.0
武蔵小杉,11:18,11:19,10-28-小田原-特別快速,7.0
横浜,11:29,11:30,10-28-小田原-特別快速,8.0
戸塚,11:39,11:40,10-28-小田原-特別快速,9.0
大船,11:44,11:45,10-28-小田原-特別快速,10.0
藤沢,11:49,11:49,10-28-小田原-特別快速,11.0
茅ケ崎,11:55,11:56,10-28-小田原-特別快速,12.0
平塚,12:00,12:00,10-28-小田原-特別快速,13.0
国府津,12:09,12:10,10-28-小田原-特別快速,14.0
小田原,12:15,,10-28-小田原-特別快速,15.0
大宮(埼玉),,20:50,20-51-沼津-普通,0.0
さいたま新都心,20:54,20:54,20-51-沼津-普通,1.0
浦和,20:58,20:59,20-51-沼津-普通,2.0
赤羽,21:06,21:07,20-51-沼津-普通,3.0
尾久,21:11,21:12,20-51-沼津-普通,4.0
上野,21:17,21:18,20-51-沼津-普通,5.0
東京,21:23,21:24,20-51-沼津-普通,6.0
新橋,21:27,21:27,20-51-沼津-普通,7.0
品川,21:32,21:33,20-51-沼津-普通,8.0
川崎,21:42,21:42,20-51-沼津-普通,9.0
横浜,21:50,21:51,20-51-沼津-普通,10.0
戸塚,22:00,22:01,20-51-沼津-普通,11.0
大船,22:06,22:06,20-51-沼津-普通,12.0
藤沢,22:11,22:11,20-51-沼津-普通,13.0
辻堂,22:14,22:15,20-51-沼津-普通,14.0
茅ケ崎,22:18,22:19,20-51-沼津-普通,15.0
平塚,22:24,22:28,20-51-沼津-普通,16.0
大磯,22:31,22:32,20-51-沼津-普通,17.0
二宮,22:36,22:36,20-51-沼津-普通,18.0
国府津,22:40,22:45,20-51-沼津-普通,19.0
鴨宮,22:49,22:49,20-51-沼津-普通,20.0
小田原,22:52,22:53,20-51-沼津-普通,21.0
早川,22:55,22:55,20-51-沼津-普通,22.0
根府川,23:00,23:00,20-51-沼津-普通,23.0
真鶴,23:05,23:05,20-51-沼津-普通,24.0
湯河原,23:09,23:09,20-51-沼津-普通,25.0
熱海,23:16,23:17,20-51-沼津-普通,26.0
函南,23:24,23:25,20-51-沼津-普通,27.0
三島,23:30,23:30,20-51-沼津-普通,28.0
沼津,23:35,,20-51-沼津-普通,29.0
大宮(埼玉),,06:44,06-45-国府津-普通,0.0
さいたま新都心,06:47,06:48,06-45-国府津-普通,1.0
浦和,06:52,06:52,06-45-国府津-普通,2.0
赤羽,07:00,07:01,06-45-国府津-普通,3.0
尾久,07:05,07:05,06-45-国府津-普通,4.0
上野,07:11,07:12,06-45-国府津-普通,5.0
東京,07:16,07:17,06-45-国府津-普通,6.0
新橋,07:20,07:20,06-45-国府津-普通,7.0
品川,07:25,07:26,06-45-国府津-普通,8.0
川崎,07:35,07:36,06-45-国府津-普通,9.0
横浜,07:43,07:44,06-45-国府津-普通,10.0
戸塚,07:54,07:55,06-45-国府津-普通,11.0
大船,08:00,08:01,06-45-国府津-普通,12.0
藤沢,08:06,08:06,06-45-国府津-普通,13.0
辻堂,08:10,08:10,06-45-国府津-普通,14.0
茅ケ崎,08:14,08:14,06-45-国府津-普通,15.0
平塚,08:20,08:23,06-45-国府津-普通,16.0
大磯,08:27,08:27,06-45-国府津-普通,17.0
二宮,08:31,08:32,06-45-国府津-普通,18.0
国府津,08:36,,06-45-国府津-普通,19.0
大宮(埼玉),,12:26,12-27-小田原-特別快速,0.0
浦和,12:33,12:33,12-27-小田原-特別快速,1.0
赤羽,12:41,12:41,12-27-小田原-特別快速,2.0
池袋,12:53,12:53,12-27-小田原-特別快速,3.0
新宿,12:58,13:00,12-27-小田原-特別快速,4.0
渋谷,13:04,13:05,12-27-小田原-特別快速,5.0
大崎,13:10,13:11,12-27-小田原-特別快速,6.0
武蔵小杉,13:18,13:19,12-27-小田原-特別快速,7.0
横浜,13:29,13:30,12-27-小田原-特別快速,8.0
戸塚,13:39,13:40,12-27-小田原-特別快速,9.0
大船,13:44,13:45,12-27-小田原-特別快速,10.0
藤沢,13:49,13:49,12-27-小田原-特別快速,11.0
茅ケ崎,13:55,13:56,12-27-小田原-特別快速,12.0
平塚,14:00,14:00,12-27-小田原-特別快速,13.0
国府津,14:09,14:10,12-27-小田原-特別快速,14.0
小田原,14:15,,12-27-小田原-特別快速,15.0
大宮(埼玉),,08:02,08-05-小田原-快速,0.0
浦和,08:12,08:13,08-05-小田原-快速,1.0
赤羽,08:22,08:22,08-05-小田原-快速,2.0
池袋,08:33,08:34,08-05-小田原-快速,3.0
新宿,08:39,08:40,08-05-小田原-快速,4.0
渋谷,08:45,08:45,08-05-小田原-快速,5.0
恵比寿,08:47,08:48,08-05-小田原-快速,6.0
大崎,08:52,08:52,08-05-小田原-快速,7.0
武蔵小杉,09:01,09:02,08-05-小田原-快速,8.0
横浜,09:13,09:14,08-05-小田原-快速,9.0
戸塚,09:25,09:26,08-05-小田原-快速,10.0
大船,09:30,09:31,08-05-小田原-快速,11.0
藤沢,09:35,09:35,08-05-小田原-快速,12.0
辻堂,09:38,09:39,08-05-小田原-快速,13.0
茅ケ崎,09:42,09:42,08-05-小田原-快速,14.0
平塚,09:47,09:51,08-05-小田原-快速,15.0
大磯,09:55,09:55,08-05-小田原-快速,16.0
二宮,09:59,10:00,08-05-小田原-快速,17.0
国府津,10:03,10:04,08-05-小田原-快速,18.0
鴨宮,10:07,10:08,08-05-小田原-快速,19.0
小田原,10:11,,08-05-小田原-快速,20.0
大宮(埼玉),,22:50,22-51-上野-普通,0.0
さいたま新都心,22:53,22:54,22-51-上野-普通,1.0
浦和,22:57,22:58,22-51-上野-普通,2.0
赤羽,23:06,23:06,22-51-上野-普通,3.0
尾久,23:10,23:11,22-51-上野-普通,4.0
上野,23:17,,22-51-上野-普通,5.0
大宮(埼玉),,14:59,15-00-上野-草津,0.0
浦和,15:06,15:07,15-00-上野-草津,1.0
赤羽,15:15,15:15,15-00-上野-草津,2.0
上野,15:26,,15-00-上野-草津,3.0
大宮(埼玉),,23:30,23-31-上野-普通,0.0
さいたま新都心,23:33,23:34,23-31-上野-普通,1.0
浦和,23:38,23:38,23-31-上野-普通,2.0
赤羽,23:46,23:46,23-31-上野-普通,3.0
尾久,23:51,23:51,23-31-上野-普通,4.0
上野,23:57,,23-31-上野-普通,5.0
大宮(埼玉),,20:26,20-27-伊東-普通,0.0
さいたま新都心,20:30,20:30,20-27-伊東-普通,1.0
浦和,20:34,20:35,20-27-伊東-普通,2.0
赤羽,20:42,20:43,20-27-伊東-普通,3.0
尾久,20:47,20:48,20-27-伊東-普通,4.0
上野,20:53,20:54,20-27-伊東-普通,5.0
東京,21:00,21:02,20-27-伊東-普通,6.0
新橋,21:05,21:06,20-27-伊東-普通,7.0
品川,21:11,21:12,20-27-伊東-普通,8.0
川崎,21:21,21:21,20-27-伊東-普通,9.0
横浜,21:29,21:31,20-27-伊東-普通,10.0
戸塚,21:41,21:41,20-27-伊東-普通,11.0
大船,21:46,21:47,20-27-伊東-普通,12.0
藤沢,21:52,21:52,20-27-伊東-普通,13.0
辻堂,21:56,21:56,20-27-伊東-普通,14.0
茅ケ崎,22:00,22:00,20-27-伊東-普通,15.0
平塚,22:05,22:10,20-27-伊東-普通,16.0
大磯,22:13,22:14,20-27-伊東-普通,17.0
二宮,22:18,22:18,20-27-伊東-普通,18.0
国府津,22:22,22:23,20-27-伊東-普通,19.0
鴨宮,22:26,22:27,20-27-伊東-普通,20.0
小田原,22:30,22:36,20-27-伊東-普通,21.0
早川,22:39,22:39,20-27-伊東-普通,22.0
根府川,22:44,22:44,20-27-伊東-普通,23.0
真鶴,22:49,22:49,20-27-伊東-普通,24.0
湯河原,22:53,22:53,20-27-伊東-普通,25.0
熱海,23:00,23:05,20-27-伊東-普通,26.0
来宮,23:08,23:08,20-27-伊東-普通,27.0
伊豆多賀,23:13,23:14,20-27-伊東-普通,28.0
網代,23:18,23:18,20-27-伊東-普通,29.0
宇佐美,23:23,23:23,20-27-伊東-普通,30.0
伊東,23:28,,20-27-伊東-普通,31.0
大宮(埼玉),,19:48,19-49-熱海-普通,0.0
さいたま新都心,19:51,19:51,19-49-熱海-普通,1.0
浦和,19:55,19:56,19-49-熱海-普通,2.0
赤羽,20:03,20:04,19-49-熱海-普通,3.0
尾久,20:08,20:09,19-49-熱海-普通,4.0
上野,20:15,20:16,19-49-熱海-普通,5.0
東京,20:21,20:22,19-49-熱海-普通,6.0
新橋,20:25,20:26,19-49-熱海-普通,7.0
品川,20:31,20:32,19-49-熱海-普通,8.0
川崎,20:41,20:42,19-49-熱海-普通,9.0
横浜,20:51,20:55,19-49-熱海-普通,10.0
戸塚,21:05,21:06,19-49-熱海-普通,11.0
大船,21:11,21:12,19-49-熱海-普通,12.0
藤沢,21:16,21:17,19-49-熱海-普通,13.0
辻堂,21:20,21:21,19-49-熱海-普通,14.0
茅ケ崎,21:24,21:24,19-49-熱海-普通,15.0
平塚,21:29,21:30,19-49-熱海-普通,16.0
大磯,21:33,21:33,19-49-熱海-普通,17.0
二宮,21:37,21:38,19-49-熱海-普通,18.0
国府津,21:42,21:46,19-49-熱海-普通,19.0
鴨宮,21:49,21:50,19-49-熱海-普通,20.0
小田原,21:53,22:01,19-49-熱海-普通,21.0
早川,22:03,22:04,19-49-熱海-普通,22.0
根府川,22:08,22:09,19-49-熱海-普通,23.0
真鶴,22:13,22:14,19-49-熱海-普通,24.0
湯河原,22:17,22:18,19-49-熱海-普通,25.0
熱海,22:24,,19-49-熱海-普通,26.0
大宮(埼玉),,15:56,15-57-平塚-快速,0.0
浦和,16:02,16:03,15-57-平塚-快速,1.0
赤羽,16:11,16:11,15-57-平塚-快速,2.0
池袋,16:22,16:23,15-57-平塚-快速,3.0
新宿,16:29,16:30,15-57-平塚-快速,4.0
渋谷,16:34,16:35,15-57-平塚-快速,5.0
恵比寿,16:37,16:37,15-57-平塚-快速,6.0
大崎,16:41,16:42,15-57-平塚-快速,7.0
武蔵小杉,16:49,16:50,15-57-平塚-快速,8.0
横浜,17:00,17:01,15-57-平塚-快速,9.0
戸塚,17:11,17:11,15-57-平塚-快速,10.0
大船,17:16,17:17,15-57-平塚-快速,11.0
藤沢,17:21,17:21,15-57-平塚-快速,12.0
辻堂,17:24,17:25,15-57-平塚-快速,13.0
茅ケ崎,17:28,17:28,15-57-平塚-快速,14.0
平塚,17:33,,15-57-平塚-快速,15.0
大宮(埼玉),,18:48,18-49-上野-アーバン,0.0
浦和,18:56,18:56,18-49-上野-アーバン,1.0
赤羽,19:04,19:04,18-49-上野-アーバン,2.0
上野,19:15,,18-49-上野-アーバン,3.0
大宮(埼玉),,09:56,09-57-平塚-快速,0.0
浦和,10:02,10:03,09-57-平塚-快速,1.0
赤羽,10:11,10:11,09-57-平塚-快速,2.0
池袋,10:23,10:24,09-57-平塚-快速,3.0
新宿,10:29,10:30,09-57-平塚-快速,4.0
渋谷,10:35,10:35,09-57-平塚-快速,5.0
恵比寿,10:37,10:38,09-57-平塚-快速,6.0
大崎,10:41,10:42,09-57-平塚-快速,7.0
武蔵小杉,10:50,10:50,09-57-平塚-快速,8.0
横浜,11:00,11:01,09-57-平塚-快速,9.0
戸塚,11:11,11:12,09-57-平塚-快速,10.0
大船,11:17,11:17,09-57-平塚-快速,11.0
藤沢,11:21,11:22,09-57-平塚-快速,12.0
辻堂,11:25,11:25,09-57-平塚-快速,13.0
茅ケ崎,11:28,11:29,09-57-平塚-快速,14.0
平塚,11:33,,09-57-平塚-快速,15.0
大宮(埼玉),,08:34,08-35-品川-普通,0.0
さいたま新都心,08:37,08:38,08-35-品川-普通,1.0
浦和,08:41,08:42,08-35-品川-普通,2.0
赤羽,08:50,08:51,08-35-品川-普通,3.0
尾久,08:56,08:56,08-35-品川-普通,4.0
上野,09:03,09:04,08-35-品川-普通,5.0
東京,09:09,09:10,08-35-品川-普通,6.0
新橋,09:13,09:13,08-35-品川-普通,7.0
品川,09:19,,08-35-品川-普通,8.0
大宮(埼玉),,09:32,09-33-品川-普通,0.0
さいたま新都心,09:36,09:37,09-33-品川-普通,1.0
浦和,09:41,09:41,09-33-品川-普通,2.0
赤羽,09:50,09:50,09-33-品川-普通,3.0
尾久,09:55,09:55,09-33-品川-普通,4.0
上野,10:02,10:03,09-33-品川-普通,5.0
東京,10:08,10:09,09-33-品川-普通,6.0
新橋,10:12,10:12,09-33-品川-普通,7.0
品川,10:18,,09-33-品川-普通,8.0
大宮(埼玉),,16:42,16-43-熱海-普通,0.0
さいたま新都心,16:45,16:46,16-43-熱海-普通,1.0
浦和,16:50,16:50,16-43-熱海-普通,2.0
赤羽,16:58,16:58,16-43-熱海-普通,3.0
尾久,17:03,17:03,16-43-熱海-普通,4.0
上野,17:09,17:11,16-43-熱海-普通,5.0
東京,17:16,17:17,16-43-熱海-普通,6.0
新橋,17:20,17:20,16-43-熱海-普通,7.0
品川,17:25,17:26,16-43-熱海-普通,8.0
川崎,17:35,17:35,16-43-熱海-普通,9.0
横浜,17:43,17:44,16-43-熱海-普通,10.0
戸塚,17:53,17:54,16-43-熱海-普通,11.0
大船,17:58,17:59,16-43-熱海-普通,12.0
藤沢,18:03,18:04,16-43-熱海-普通,13.0
辻堂,18:07,18:08,16-43-熱海-普通,14.0
茅ケ崎,18:11,18:12,16-43-熱海-普通,15.0
平塚,18:16,18:16,16-43-熱海-普通,16.0
大磯,18:19,18:20,16-43-熱海-普通,17.0
二宮,18:24,18:24,16-43-熱海-普通,18.0
国府津,18:28,18:29,16-43-熱海-普通,19.0
鴨宮,18:32,18:32,16-43-熱海-普通,20.0
小田原,18:35,18:35,16-43-熱海-普通,21.0
早川,18:38,18:38,16-43-熱海-普通,22.0
根府川,18:42,18:43,16-43-熱海-普通,23.0
真鶴,18:48,18:48,16-43-熱海-普通,24.0
湯河原,18:51,18:52,16-43-熱海-普通,25.0
熱海,18:58,,16-43-熱海-普通,26.0
大宮(埼玉),,06:06,06-07-平塚-快速,0.0
浦和,06:13,06:13,06-07-平塚-快速,1.0
赤羽,06:21,06:22,06-07-平塚-快速,2.0
池袋,06:33,06:34,06-07-平塚-快速,3.0
新宿,06:39,06:40,06-07-平塚-快速,4.0
渋谷,06:44,06:45,06-07-平塚-快速,5.0
恵比寿,06:47,06:47,06-07-平塚-快速,6.0
大崎,06:51,06:52,06-07-平塚-快速,7.0
武蔵小杉,06:59,07:00,06-07-平塚-快速,8.0
横浜,07:10,07:10,06-07-平塚-快速,9.0
戸塚,07:20,07:20,06-07-平塚-快速,10.0
大船,07:25,07:26,06-07-平塚-快速,11.0
藤沢,07:30,07:31,06-07-平塚-快速,12.0
辻堂,07:34,07:34,06-07-平塚-快速,13.0
茅ケ崎,07:38,07:38,06-07-平塚-快速,14.0
平塚,07:43,,06-07-平塚-快速,15.0
大宮(埼玉),,11:56,11-57-平塚-快速,0.0
浦和,12:03,12:03,11-57-平塚-快速,1.0
赤羽,12:11,12:12,11-57-平塚-快速,2.0
池袋,12:22,12:23,11-57-平塚-快速,3.0
新宿,12:28,12:30,11-57-平塚-快速,4.0
渋谷,12:34,12:35,11-57-平塚-快速,5.0
恵比寿,12:37,12:37,11-57-平塚-快速,6.0
大崎,12:41,12:42,11-57-平塚-快速,7.0
武蔵小杉,12:50,12:50,11-57-平塚-快速,8.0
横浜,13:00,13:01,11-57-平塚-快速,9.0
戸塚,13:10,13:11,11-57-平塚-快速,10.0
大船,13:16,13:16,11-57-平塚-快速,11.0
藤沢,13:20,13:21,11-57-平塚-快速,12.0
辻堂,13:24,13:24,11-57-平塚-快速,13.0
茅ケ崎,13:27,13:28,11-57-平塚-快速,14.0
平塚,13:32,,11-57-平塚-快速,15.0
大宮(埼玉),,10:32,10-33-熱海-普通,0.0
さいたま新都心,10:35,10:36,10-33-熱海-普通,1.0
浦和,10:40,10:40,10-33-熱海-普通,2.0
赤羽,10:48,10:49,10-33-熱海-普通,3.0
尾久,10:53,10:53,10-33-熱海-普通,4.0
上野,10:59,11:01,10-33-熱海-普通,5.0
東京,11:06,11:07,10-33-熱海-普通,6.0
新橋,11:10,11:10,10-33-熱海-普通,7.0
品川,11:15,11:15,10-33-熱海-普通,8.0
川崎,11:24,11:25,10-33-熱海-普通,9.0
横浜,11:32,11:33,10-33-熱海-普通,10.0
戸塚,11:43,11:43,10-33-熱海-普通,11.0
大船,11:48,11:49,10-33-熱海-普通,12.0
藤沢,11:53,11:54,10-33-熱海-普通,13.0
辻堂,11:57,11:57,10-33-熱海-普通,14.0
茅ケ崎,12:01,12:01,10-33-熱海-普通,15.0
平塚,12:06,12:06,10-33-熱海-普通,16.0
大磯,12:09,12:10,10-33-熱海-普通,17.0
二宮,12:14,12:14,10-33-熱海-普通,18.0
国府津,12:18,12:19,10-33-熱海-普通,19.0
鴨宮,12:22,12:23,10-33-熱海-普通,20.0
小田原,12:26,12:26,10-33-熱海-普通,21.0
早川,12:28,12:29,10-33-熱海-普通,22.0
根府川,12:34,12:38,10-33-熱海-普通,23.0
真鶴,12:43,12:44,10-33-熱海-普通,24.0
湯河原,12:47,12:48,10-33-熱海-普通,25.0
熱海,12:54,,10-33-熱海-普通,26.0
大宮(埼玉),,07:54,07-55-上野-普通,0.0
さいたま新都心,07:59,07:59,07-55-上野-普通,1.0
浦和,08:03,08:04,07-55-上野-普通,2.0
赤羽,08:13,08:13,07-55-上野-普通,3.0
尾久,08:18,08:19,07-55-上野-普通,4.0
上野,08:25,,07-55-上野-普通,5.0
大宮(埼玉),,14:26,14-27-小田原-特別快速,0.0
浦和,14:33,14:33,14-27-小田原-特別快速,1.0
赤羽,14:41,14:41,14-27-小田原-特別快速,2.0
池袋,14:53,14:53,14-27-小田原-特別快速,3.0
新宿,14:58,15:00,14-27-小田原-特別快速,4.0
渋谷,15:04,15:05,14-27-小田原-特別快速,5.0
大崎,15:10,15:11,14-27-小田原-特別快速,6.0
武蔵小杉,15:18,15:19,14-27-小田原-特別快速,7.0
横浜,15:29,15:30,14-27-小田原-特別快速,8.0
戸塚,15:39,15:40,14-27-小田原-特別快速,9.0
大船,15:44,15:45,14-27-小田原-特別快速,10.0
藤沢,15:49,15:49,14-27-小田原-特別快速,11.0
茅ケ崎,15:54,15:55,14-27-小田原-特別快速,12.0
平塚,15:59,15:59,14-27-小田原-特別快速,13.0
国府津,16:08,16:09,14-27-小田原-特別快速,14.0
小田原,16:14,,14-27-小田原-特別快速,15.0
大宮(埼玉),,09:23,09-24-小田原-快速,0.0
浦和,09:30,09:31,09-24-小田原-快速,1.0
赤羽,09:39,09:40,09-24-小田原-快速,2.0
池袋,09:52,09:53,09-24-小田原-快速,3.0
新宿,09:58,10:00,09-24-小田原-快速,4.0
渋谷,10:04,10:05,09-24-小田原-快速,5.0
恵比寿,10:07,10:08,09-24-小田原-快速,6.0
大崎,10:12,10:12,09-24-小田原-快速,7.0
武蔵小杉,10:20,10:21,09-24-小田原-快速,8.0
横浜,10:31,10:31,09-24-小田原-快速,9.0
戸塚,10:41,10:41,09-24-小田原-快速,10.0
大船,10:46,10:47,09-24-小田原-快速,11.0
藤沢,10:51,10:51,09-24-小田原-快速,12.0
辻堂,10:54,10:55,09-24-小田原-快速,13.0
茅ケ崎,10:58,10:58,09-24-小田原-快速,14.0
平塚,11:02,11:03,09-24-小田原-快速,15.0
大磯,11:06,11:06,09-24-小田原-快速,16.0
二宮,11:10,11:11,09-24-小田原-快速,17.0
国府津,11:14,11:15,09-24-小田原-快速,18.0
鴨宮,11:19,11:19,09-24-小田原-快速,19.0
小田原,11:23,,09-24-小田原-快速,20.0
大宮(埼玉),,19:25,19-26-沼津-普通,0.0
さいたま新都心,19:28,19:29,19-26-沼津-普通,1.0
浦和,19:33,19:33,19-26-沼津-普通,2.0
赤羽,19:42,19:42,19-26-沼津-普通,3.0
尾久,19:47,19:47,19-26-沼津-普通,4.0
上野,19:53,19:54,19-26-沼津-普通,5.0
東京,20:00,20:02,19-26-沼津-普通,6.0
新橋,20:05,20:05,19-26-沼津-普通,7.0
品川,20:11,20:13,19-26-沼津-普通,8.0
川崎,20:21,20:22,19-26-沼津-普通,9.0
横浜,20:30,20:31,19-26-沼津-普通,10.0
戸塚,20:41,20:41,19-26-沼津-普通,11.0
大船,20:47,20:48,19-26-沼津-普通,12.0
藤沢,20:52,20:53,19-26-沼津-普通,13.0
辻堂,20:56,20:57,19-26-沼津-普通,14.0
茅ケ崎,21:00,21:01,19-26-沼津-普通,15.0
平塚,21:05,21:06,19-26-沼津-普通,16.0
大磯,21:09,21:10,19-26-沼津-普通,17.0
二宮,21:14,21:14,19-26-沼津-普通,18.0
国府津,21:18,21:19,19-26-沼津-普通,19.0
鴨宮,21:21,21:22,19-26-沼津-普通,20.0
小田原,21:26,21:30,19-26-沼津-普通,21.0
早川,21:32,21:32,19-26-沼津-普通,22.0
根府川,21:37,21:37,19-26-沼津-普通,23.0
真鶴,21:42,21:42,19-26-沼津-普通,24.0
湯河原,21:46,21:46,19-26-沼津-普通,25.0
熱海,21:53,21:59,19-26-沼津-普通,26.0
函南,22:07,22:08,19-26-沼津-普通,27.0
三島,22:14,22:16,19-26-沼津-普通,28.0
沼津,22:21,,19-26-沼津-普通,29.0
大宮(埼玉),,16:26,16-27-小田原-特別快速,0.0
浦和,16:33,16:33,16-27-小田原-特別快速,1.0
赤羽,16:41,16:41,16-27-小田原-特別快速,2.0
池袋,16:53,16:53,16-27-小田原-特別快速,3.0
新宿,16:58,17:00,16-27-小田原-特別快速,4.0
渋谷,17:04,17:05,16-27-小田原-特別快速,5.0
大崎,17:11,17:11,16-27-小田原-特別快速,6.0
武蔵小杉,17:20,17:20,16-27-小田原-特別快速,7.0
横浜,17:30,17:31,16-27-小田原-特別快速,8.0
戸塚,17:40,17:41,16-27-小田原-特別快速,9.0
大船,17:46,17:46,16-27-小田原-特別快速,10.0
藤沢,17:50,17:51,16-27-小田原-特別快速,11.0
茅ケ崎,17:56,17:56,16-27-小田原-特別快速,12.0
平塚,18:01,18:02,16-27-小田原-特別快速,13.0
国府津,18:12,18:13,16-27-小田原-特別快速,14.0
小田原,18:19,,16-27-小田原-特別快速,15.0
大宮(埼玉),,16:59,17-00-平塚-快速,0.0
浦和,17:06,17:06,17-00-平塚-快速,1.0
赤羽,17:15,17:15,17-00-平塚-快速,2.0
池袋,17:26,17:26,17-00-平塚-快速,3.0
新宿,17:31,17:32,17-00-平塚-快速,4.0
渋谷,17:37,17:37,17-00-平塚-快速,5.0
恵比寿,17:39,17:40,17-00-平塚-快速,6.0
大崎,17:44,17:44,17-00-平塚-快速,7.0
武蔵小杉,17:52,17:53,17-00-平塚-快速,8.0
横浜,18:03,18:04,17-00-平塚-快速,9.0
戸塚,18:14,18:14,17-00-平塚-快速,10.0
大船,18:19,18:20,17-00-平塚-快速,11.0
藤沢,18:25,18:25,17-00-平塚-快速,12.0
辻堂,18:29,18:29,17-00-平塚-快速,13.0
茅ケ崎,18:33,18:33,17-00-平塚-快速,14.0
平塚,18:38,,17-00-平塚-快速,15.0
大宮(埼玉),,09:04,09-05-小田原-普通,0.0
さいたま新都心,09:08,09:08,09-05-小田原-普通,1.0
浦和,09:12,09:12,09-05-小田原-普通,2.0
赤羽,09:21,09:21,09-05-小田原-普通,3.0
尾久,09:26,09:26,09-05-小田原-普通,4.0
上野,09:32,09:35,09-05-小田原-普通,5.0
東京,09:41,09:42,09-05-小田原-普通,6.0
新橋,09:45,09:45,09-05-小田原-普通,7.0
品川,09:50,09:52,09-05-小田原-普通,8.0
川崎,10:01,10:01,09-05-小田原-普通,9.0
横浜,10:09,10:10,09-05-小田原-普通,10.0
戸塚,10:20,10:20,09-05-小田原-普通,11.0
大船,10:26,10:27,09-05-小田原-普通,12.0
藤沢,10:31,10:32,09-05-小田原-普通,13.0
辻堂,10:35,10:36,09-05-小田原-普通,14.0
茅ケ崎,10:39,10:40,09-05-小田原-普通,15.0
平塚,10:45,10:50,09-05-小田原-普通,16.0
大磯,10:54,10:54,09-05-小田原-普通,17.0
二宮,10:58,10:59,09-05-小田原-普通,18.0
国府津,11:02,11:03,09-05-小田原-普通,19.0
鴨宮,11:06,11:07,09-05-小田原-普通,20.0
小田原,11:10,,09-05-小田原-普通,21.0
大宮(埼玉),,07:38,07-39-国府津-快速,0.0
浦和,07:44,07:45,07-39-国府津-快速,1.0
赤羽,07:53,07:54,07-39-国府津-快速,2.0
池袋,08:05,08:06,07-39-国府津-快速,3.0
新宿,08:11,08:12,07-39-国府津-快速,4.0
渋谷,08:17,08:17,07-39-国府津-快速,5.0
恵比寿,08:19,08:20,07-39-国府津-快速,6.0
大崎,08:24,08:24,07-39-国府津-快速,7.0
武蔵小杉,08:34,08:35,07-39-国府津-快速,8.0
横浜,08:46,08:47,07-39-国府津-快速,9.0
戸塚,08:58,08:59,07-39-国府津-快速,10.0
大船,09:03,09:04,07-39-国府津-快速,11.0
藤沢,09:08,09:08,07-39-国府津-快速,12.0
辻堂,09:11,09:12,07-39-国府津-快速,13.0
茅ケ崎,09:15,09:15,07-39-国府津-快速,14.0
平塚,09:19,09:20,07-39-国府津-快速,15.0
大磯,09:23,09:23,07-39-国府津-快速,16.0
二宮,09:27,09:28,07-39-国府津-快速,17.0
国府津,09:32,,07-39-国府津-快速,18.0
大宮(埼玉),,19:42,19-43-上野-アーバン,0.0
浦和,19:48,19:48,19-43-上野-アーバン,1.0
赤羽,19:56,19:57,19-43-上野-アーバン,2.0
上野,20:07,,19-43-上野-アーバン,3.0
大宮(埼玉),,15:26,15-27-小田原-特別快速,0.0
浦和,15:33,15:33,15-27-小田原-特別快速,1.0
赤羽,15:41,15:41,15-27-小田原-特別快速,2.0
池袋,15:53,15:54,15-27-小田原-特別快速,3.0
新宿,15:59,16:00,15-27-小田原-特別快速,4.0
渋谷,16:04,16:05,15-27-小田原-特別快速,5.0
大崎,16:10,16:11,15-27-小田原-特別快速,6.0
武蔵小杉,16:18,16:19,15-27-小田原-特別快速,7.0
横浜,16:29,16:30,15-27-小田原-特別快速,8.0
戸塚,16:39,16:40,15-27-小田原-特別快速,9.0
大船,16:44,16:45,15-27-小田原-特別快速,10.0
藤沢,16:49,16:49,15-27-小田原-特別快速,11.0
茅ケ崎,16:54,16:55,15-27-小田原-特別快速,12.0
平塚,16:59,16:59,15-27-小田原-特別快速,13.0
国府津,17:08,17:09,15-27-小田原-特別快速,14.0
小田原,17:14,,15-27-小田原-特別快速,15.0
大宮(埼玉),,16:12,16-13-小田原-普通,0.0
さいたま新都心,16:15,16:16,16-13-小田原-普通,1.0
浦和,16:20,16:20,16-13-小田原-普通,2.0
赤羽,16:28,16:28,16-13-小田原-普通,3.0
尾久,16:33,16:33,16-13-小田原-普通,4.0
上野,16:40,16:42,16-13-小田原-普通,5.0
東京,16:46,16:47,16-13-小田原-普通,6.0
新橋,16:50,16:51,16-13-小田原-普通,7.0
品川,16:55,16:56,16-13-小田原-普通,8.0
川崎,17:05,17:05,16-13-小田原-普通,9.0
横浜,17:13,17:14,16-13-小田原-普通,10.0
戸塚,17:23,17:24,16-13-小田原-普通,11.0
大船,17:28,17:29,16-13-小田原-普通,12.0
藤沢,17:33,17:34,16-13-小田原-普通,13.0
辻堂,17:37,17:37,16-13-小田原-普通,14.0
茅ケ崎,17:40,17:41,16-13-小田原-普通,15.0
平塚,17:45,17:45,16-13-小田原-普通,16.0
大磯,17:48,17:49,16-13-小田原-普通,17.0
二宮,17:53,17:53,16-13-小田原-普通,18.0
国府津,17:57,17:58,16-13-小田原-普通,19.0
鴨宮,18:01,18:02,16-13-小田原-普通,20.0
小田原,18:05,,16-13-小田原-普通,21.0
大宮(埼玉),,16:32,16-33-平塚-普通,0.0
さいたま新都心,16:35,16:36,16-33-平塚-普通,1.0
浦和,16:40,16:40,16-33-平塚-普通,2.0
赤羽,16:48,16:49,16-33-平塚-普通,3.0
尾久,16:53,16:53,16-33-平塚-普通,4.0
上野,16:59,17:01,16-33-平塚-普通,5.0
東京,17:06,17:07,16-33-平塚-普通,6.0
新橋,17:10,17:10,16-33-平塚-普通,7.0
品川,17:15,17:16,16-33-平塚-普通,8.0
川崎,17:25,17:25,16-33-平塚-普通,9.0
横浜,17:33,17:34,16-33-平塚-普通,10.0
戸塚,17:44,17:44,16-33-平塚-普通,11.0
大船,17:49,17:50,16-33-平塚-普通,12.0
藤沢,17:55,17:55,16-33-平塚-普通,13.0
辻堂,17:59,17:59,16-33-平塚-普通,14.0
茅ケ崎,18:03,18:03,16-33-平塚-普通,15.0
平塚,18:08,,16-33-平塚-普通,16.0
大宮(埼玉),,07:46,07-47-熱海-普通,0.0
さいたま新都心,07:50,07:50,07-47-熱海-普通,1.0
浦和,07:54,07:55,07-47-熱海-普通,2.0
赤羽,08:04,08:04,07-47-熱海-普通,3.0
尾久,08:09,08:10,07-47-熱海-普通,4.0
上野,08:16,08:18,07-47-熱海-普通,5.0
東京,08:23,08:24,07-47-熱海-普通,6.0
新橋,08:27,08:28,07-47-熱海-普通,7.0
品川,08:32,08:33,07-47-熱海-普通,8.0
川崎,08:41,08:42,07-47-熱海-普通,9.0
横浜,08:50,08:51,07-47-熱海-普通,10.0
戸塚,09:01,09:02,07-47-熱海-普通,11.0
大船,09:06,09:07,07-47-熱海-普通,12.0
藤沢,09:11,09:12,07-47-熱海-普通,13.0
辻堂,09:15,09:15,07-47-熱海-普通,14.0
茅ケ崎,09:18,09:19,07-47-熱海-普通,15.0
平塚,09:23,09:24,07-47-熱海-普通,16.0
大磯,09:27,09:27,07-47-熱海-普通,17.0
二宮,09:31,09:32,07-47-熱海-普通,18.0
国府津,09:35,09:36,07-47-熱海-普通,19.0
鴨宮,09:39,09:39,07-47-熱海-普通,20.0
小田原,09:42,09:43,07-47-熱海-普通,21.0
早川,09:45,09:45,07-47-熱海-普通,22.0
根府川,09:50,09:50,07-47-熱海-普通,23.0
真鶴,09:55,09:55,07-47-熱海-普通,24.0
湯河原,09:59,09:59,07-47-熱海-普通,25.0
熱海,10:06,,07-47-熱海-普通,26.0
大宮(埼玉),,13:50,13-53-熱海-普通,0.0
さいたま新都心,13:55,13:56,13-53-熱海-普通,1.0
浦和,14:00,14:00,13-53-熱海-普通,2.0
赤羽,14:08,14:08,13-53-熱海-普通,3.0
尾久,14:13,14:13,13-53-熱海-普通,4.0
上野,14:19,14:21,13-53-熱海-普通,5.0
東京,14:26,14:27,13-53-熱海-普通,6.0
新橋,14:29,14:30,13-53-熱海-普通,7.0
品川,14:34,14:35,13-53-熱海-普通,8.0
川崎,14:43,14:44,13-53-熱海-普通,9.0
横浜,14:51,14:52,13-53-熱海-普通,10.0
戸塚,15:02,15:03,13-53-熱海-普通,11.0
大船,15:07,15:08,13-53-熱海-普通,12.0
藤沢,15:12,15:12,13-53-熱海-普通,13.0
辻堂,15:15,15:16,13-53-熱海-普通,14.0
茅ケ崎,15:19,15:19,13-53-熱海-普通,15.0
平塚,15:24,15:24,13-53-熱海-普通,16.0
大磯,15:27,15:28,13-53-熱海-普通,17.0
二宮,15:32,15:32,13-53-熱海-普通,18.0
国府津,15:36,15:37,13-53-熱海-普通,19.0
鴨宮,15:39,15:40,13-53-熱海-普通,20.0
小田原,15:43,15:43,13-53-熱海-普通,21.0
早川,15:45,15:46,13-53-熱海-普通,22.0
根府川,15:50,15:51,13-53-熱海-普通,23.0
真鶴,15:55,15:56,13-53-熱海-普通,24.0
湯河原,16:00,16:00,13-53-熱海-普通,25.0
熱海,16:07,,13-53-熱海-普通,26.0
大宮(埼玉),,09:49,09-50-上野-スワローあかぎ,0.0
浦和,09:55,09:55,09-50-上野-スワローあかぎ,1.0
赤羽,10:04,10:04,09-50-上野-スワローあかぎ,2.0
上野,10:13,,09-50-上野-スワローあかぎ,3.0
大宮(埼玉),,09:11,09-12-上野-スワローあかぎ,0.0
浦和,09:18,09:18,09-12-上野-スワローあかぎ,1.0
赤羽,09:27,09:28,09-12-上野-スワローあかぎ,2.0
上野,09:39,,09-12-上野-スワローあかぎ,3.0
大宮(埼玉),,22:24,22-26-国府津-快速,0.0
浦和,22:31,22:32,22-26-国府津-快速,1.0
赤羽,22:39,22:40,22-26-国府津-快速,2.0
池袋,22:51,22:52,22-26-国府津-快速,3.0
新宿,22:57,22:58,22-26-国府津-快速,4.0
渋谷,23:02,23:03,22-26-国府津-快速,5.0
恵比寿,23:05,23:06,22-26-国府津-快速,6.0
大崎,23:09,23:10,22-26-国府津-快速,7.0
武蔵小杉,23:18,23:18,22-26-国府津-快速,8.0
横浜,23:29,23:31,22-26-国府津-快速,9.0
戸塚,23:42,23:43,22-26-国府津-快速,10.0
大船,23:48,23:49,22-26-国府津-快速,11.0
藤沢,23:53,23:53,22-26-国府津-快速,12.0
辻堂,23:57,23:57,22-26-国府津-快速,13.0
茅ケ崎,00:01,00:01,22-26-国府津-快速,14.0
平塚,00:06,00:06,22-26-国府津-快速,15.0
大磯,00:10,00:10,22-26-国府津-快速,16.0
二宮,00:14,00:15,22-26-国府津-快速,17.0
国府津,00:20,,22-26-国府津-快速,18.0
大宮(埼玉),,20:02,20-03-国府津-快速,0.0
浦和,20:08,20:08,20-03-国府津-快速,1.0
赤羽,20:16,20:16,20-03-国府津-快速,2.0
池袋,20:27,20:28,20-03-国府津-快速,3.0
新宿,20:33,20:34,20-03-国府津-快速,4.0
渋谷,20:38,20:39,20-03-国府津-快速,5.0
恵比寿,20:41,20:41,20-03-国府津-快速,6.0
大崎,20:45,20:46,20-03-国府津-快速,7.0
武蔵小杉,20:53,20:54,20-03-国府津-快速,8.0
横浜,21:04,21:05,20-03-国府津-快速,9.0
戸塚,21:14,21:15,20-03-国府津-快速,10.0
大船,21:20,21:21,20-03-国府津-快速,11.0
藤沢,21:25,21:26,20-03-国府津-快速,12.0
辻堂,21:29,21:30,20-03-国府津-快速,13.0
茅ケ崎,21:33,21:34,20-03-国府津-快速,14.0
平塚,21:38,21:39,20-03-国府津-快速,15.0
大磯,21:42,21:43,20-03-国府津-快速,16.0
二宮,21:47,21:47,20-03-国府津-快速,17.0
国府津,21:52,,20-03-国府津-快速,18.0
大宮(埼玉),,08:46,08-47-平塚-普通,0.0
さいたま新都心,08:50,08:50,08-47-平塚-普通,1.0
浦和,08:54,08:55,08-47-平塚-普通,2.0
赤羽,09:04,09:04,08-47-平塚-普通,3.0
尾久,09:09,09:10,08-47-平塚-普通,4.0
上野,09:16,09:17,08-47-平塚-普通,5.0
東京,09:22,09:24,08-47-平塚-普通,6.0
新橋,09:27,09:28,08-47-平塚-普通,7.0
品川,09:33,09:34,08-47-平塚-普通,8.0
川崎,09:43,09:43,08-47-平塚-普通,9.0
横浜,09:51,09:52,08-47-平塚-普通,10.0
戸塚,10:01,10:01,08-47-平塚-普通,11.0
大船,10:06,10:07,08-47-平塚-普通,12.0
藤沢,10:11,10:11,08-47-平塚-普通,13.0
辻堂,10:14,10:15,08-47-平塚-普通,14.0
茅ケ崎,10:18,10:18,08-47-平塚-普通,15.0
平塚,10:23,,08-47-平塚-普通,16.0
大宮(埼玉),,08:19,08-23-平塚-普通,0.0
さいたま新都心,08:26,08:26,08-23-平塚-普通,1.0
浦和,08:30,08:31,08-23-平塚-普通,2.0
赤羽,08:40,08:40,08-23-平塚-普通,3.0
尾久,08:45,08:46,08-23-平塚-普通,4.0
上野,08:53,08:55,08-23-平塚-普通,5.0
東京,09:01,09:02,08-23-平塚-普通,6.0
新橋,09:05,09:05,08-23-平塚-普通,7.0
品川,09:10,09:11,08-23-平塚-普通,8.0
川崎,09:20,09:20,08-23-平塚-普通,9.0
横浜,09:28,09:29,08-23-平塚-普通,10.0
戸塚,09:39,09:39,08-23-平塚-普通,11.0
大船,09:44,09:45,08-23-平塚-普通,12.0
藤沢,09:49,09:49,08-23-平塚-普通,13.0
辻堂,09:52,09:53,08-23-平塚-普通,14.0
茅ケ崎,09:56,09:56,08-23-平塚-普通,15.0
平塚,10:01,,08-23-平塚-普通,16.0
大宮(埼玉),,11:49,11-53-熱海-普通,0.0
さいたま新都心,11:55,11:56,11-53-熱海-普通,1.0
浦和,12:00,12:00,11-53-熱海-普通,2.0
赤羽,12:08,12:08,11-53-熱海-普通,3.0
尾久,12:13,12:13,11-53-熱海-普通,4.0
上野,12:19,12:21,11-53-熱海-普通,5.0
東京,12:26,12:27,11-53-熱海-普通,6.0
新橋,12:29,12:30,11-53-熱海-普通,7.0
品川,12:34,12:35,11-53-熱海-普通,8.0
川崎,12:43,12:44,11-53-熱海-普通,9.0
横浜,12:51,12:52,11-53-熱海-普通,10.0
戸塚,13:01,13:02,11-53-熱海-普通,11.0
大船,13:07,13:12,11-53-熱海-普通,12.0
藤沢,13:16,13:17,11-53-熱海-普通,13.0
辻堂,13:20,13:20,11-53-熱海-普通,14.0
茅ケ崎,13:23,13:24,11-53-熱海-普通,15.0
平塚,13:28,13:29,11-53-熱海-普通,16.0
大磯,13:32,13:32,11-53-熱海-普通,17.0
二宮,13:36,13:37,11-53-熱海-普通,18.0
国府津,13:41,13:42,11-53-熱海-普通,19.0
鴨宮,13:45,13:45,11-53-熱海-普通,20.0
小田原,13:48,13:48,11-53-熱海-普通,21.0
早川,13:51,13:51,11-53-熱海-普通,22.0
根府川,13:55,13:56,11-53-熱海-普通,23.0
真鶴,14:01,14:01,11-53-熱海-普通,24.0
湯河原,14:04,14:05,11-53-熱海-普通,25.0
熱海,14:11,,11-53-熱海-普通,26.0
大宮(埼玉),,08:15,08-16-上野-普通,0.0
さいたま新都心,08:20,08:20,08-16-上野-普通,1.0
浦和,08:24,08:25,08-16-上野-普通,2.0
赤羽,08:34,08:34,08-16-上野-普通,3.0
尾久,08:39,08:40,08-16-上野-普通,4.0
上野,08:47,,08-16-上野-普通,5.0
大宮(埼玉),,17:15,17-17-国府津-普通,0.0
さいたま新都心,17:19,17:20,17-17-国府津-普通,1.0
浦和,17:24,17:24,17-17-国府津-普通,2.0
赤羽,17:32,17:33,17-17-国府津-普通,3.0
尾久,17:37,17:37,17-17-国府津-普通,4.0
上野,17:44,17:45,17-17-国府津-普通,5.0
東京,17:50,17:52,17-17-国府津-普通,6.0
新橋,17:54,17:55,17-17-国府津-普通,7.0
品川,18:00,18:01,17-17-国府津-普通,8.0
川崎,18:10,18:10,17-17-国府津-普通,9.0
横浜,18:19,18:20,17-17-国府津-普通,10.0
戸塚,18:29,18:30,17-17-国府津-普通,11.0
大船,18:35,18:40,17-17-国府津-普通,12.0
藤沢,18:45,18:46,17-17-国府津-普通,13.0
辻堂,18:50,18:50,17-17-国府津-普通,14.0
茅ケ崎,18:54,18:54,17-17-国府津-普通,15.0
平塚,18:59,19:00,17-17-国府津-普通,16.0
大磯,19:03,19:04,17-17-国府津-普通,17.0
二宮,19:08,19:09,17-17-国府津-普通,18.0
国府津,19:13,,17-17-国府津-普通,19.0
大宮(埼玉),,17:56,17-57-小田原-快速,0.0
浦和,18:02,18:03,17-57-小田原-快速,1.0
赤羽,18:12,18:12,17-57-小田原-快速,2.0
池袋,18:24,18:25,17-57-小田原-快速,3.0
新宿,18:30,18:31,17-57-小田原-快速,4.0
渋谷,18:36,18:37,17-57-小田原-快速,5.0
恵比寿,18:39,18:39,17-57-小田原-快速,6.0
大崎,18:43,18:43,17-57-小田原-快速,7.0
武蔵小杉,18:52,18:53,17-57-小田原-快速,8.0
横浜,19:04,19:05,17-57-小田原-快速,9.0
戸塚,19:15,19:15,17-57-小田原-快速,10.0
大船,19:20,19:21,17-57-小田原-快速,11.0
藤沢,19:25,19:26,17-57-小田原-快速,12.0
辻堂,19:30,19:30,17-57-小田原-快速,13.0
茅ケ崎,19:34,19:34,17-57-小田原-快速,14.0
平塚,19:39,19:40,17-57-小田原-快速,15.0
大磯,19:43,19:43,17-57-小田原-快速,16.0
二宮,19:48,19:48,17-57-小田原-快速,17.0
国府津,19:52,19:53,17-57-小田原-快速,18.0
鴨宮,19:57,19:57,17-57-小田原-快速,19.0
小田原,20:01,,17-57-小田原-快速,20.0
大宮(埼玉),,09:42,09-43-平塚-普通,0.0
さいたま新都心,09:46,09:46,09-43-平塚-普通,1.0
浦和,09:50,09:50,09-43-平塚-普通,2.0
赤羽,09:58,09:59,09-43-平塚-普通,3.0
尾久,10:03,10:03,09-43-平塚-普通,4.0
上野,10:09,10:11,09-43-平塚-普通,5.0
東京,10:16,10:17,09-43-平塚-普通,6.0
新橋,10:20,10:20,09-43-平塚-普通,7.0
品川,10:26,10:27,09-43-平塚-普通,8.0
川崎,10:35,10:36,09-43-平塚-普通,9.0
横浜,10:43,10:44,09-43-平塚-普通,10.0
戸塚,10:53,10:54,09-43-平塚-普通,11.0
大船,10:59,11:00,09-43-平塚-普通,12.0
藤沢,11:04,11:04,09-43-平塚-普通,13.0
辻堂,11:07,11:08,09-43-平塚-普通,14.0
茅ケ崎,11:11,11:11,09-43-平塚-普通,15.0
平塚,11:16,,09-43-平塚-普通,16.0
大宮(埼玉),,17:50,17-51-小田原-普通,0.0
さいたま新都心,17:53,17:54,17-51-小田原-普通,1.0
浦和,17:57,17:58,17-51-小田原-普通,2.0
赤羽,18:06,18:06,17-51-小田原-普通,3.0
尾久,18:10,18:11,17-51-小田原-普通,4.0
上野,18:18,18:19,17-51-小田原-普通,5.0
東京,18:25,18:26,17-51-小田原-普通,6.0
新橋,18:29,18:29,17-51-小田原-普通,7.0
品川,18:35,18:36,17-51-小田原-普通,8.0
川崎,18:44,18:45,17-51-小田原-普通,9.0
横浜,18:53,18:57,17-51-小田原-普通,10.0
戸塚,19:07,19:07,17-51-小田原-普通,11.0
大船,19:12,19:13,17-51-小田原-普通,12.0
藤沢,19:17,19:18,17-51-小田原-普通,13.0
辻堂,19:21,19:21,17-51-小田原-普通,14.0
茅ケ崎,19:25,19:25,17-51-小田原-普通,15.0
平塚,19:30,19:31,17-51-小田原-普通,16.0
大磯,19:35,19:35,17-51-小田原-普通,17.0
二宮,19:40,19:40,17-51-小田原-普通,18.0
国府津,19:44,19:45,17-51-小田原-普通,19.0
鴨宮,19:49,19:49,17-51-小田原-普通,20.0
小田原,19:53,,17-51-小田原-普通,21.0
大宮(埼玉),,20:06,20-07-熱海-普通,0.0
さいたま新都心,20:10,20:10,20-07-熱海-普通,1.0
浦和,20:14,20:14,20-07-熱海-普通,2.0
赤羽,20:22,20:23,20-07-熱海-普通,3.0
尾久,20:27,20:27,20-07-熱海-普通,4.0
上野,20:33,20:34,20-07-熱海-普通,5.0
東京,20:39,20:40,20-07-熱海-普通,6.0
新橋,20:43,20:44,20-07-熱海-普通,7.0
品川,20:50,20:52,20-07-熱海-普通,8.0
川崎,21:00,21:01,20-07-熱海-普通,9.0
横浜,21:09,21:10,20-07-熱海-普通,10.0
戸塚,21:19,21:19,20-07-熱海-普通,11.0
大船,21:25,21:25,20-07-熱海-普通,12.0
藤沢,21:30,21:30,20-07-熱海-普通,13.0
辻堂,21:34,21:34,20-07-熱海-普通,14.0
茅ケ崎,21:37,21:38,20-07-熱海-普通,15.0
平塚,21:43,21:48,20-07-熱海-普通,16.0
大磯,21:51,21:52,20-07-熱海-普通,17.0
二宮,21:56,21:56,20-07-熱海-普通,18.0
国府津,22:01,22:07,20-07-熱海-普通,19.0
鴨宮,22:10,22:11,20-07-熱海-普通,20.0
小田原,22:14,22:15,20-07-熱海-普通,21.0
早川,22:17,22:18,20-07-熱海-普通,22.0
根府川,22:22,22:22,20-07-熱海-普通,23.0
真鶴,22:27,22:28,20-07-熱海-普通,24.0
湯河原,22:31,22:32,20-07-熱海-普通,25.0
熱海,22:39,,20-07-熱海-普通,26.0
大宮(埼玉),,07:42,07-43-上野-普通,0.0
さいたま新都心,07:47,07:47,07-43-上野-普通,1.0
浦和,07:51,07:52,07-43-上野-普通,2.0
赤羽,08:01,08:01,07-43-上野-普通,3.0
尾久,08:06,08:07,07-43-上野-普通,4.0
上野,08:13,,07-43-上野-普通,5.0
大宮(埼玉),,10:48,10-49-熱海-普通,0.0
さいたま新都心,10:51,10:52,10-49-熱海-普通,1.0
浦和,10:56,10:57,10-49-熱海-普通,2.0
赤羽,11:05,11:06,10-49-熱海-普通,3.0
尾久,11:11,11:11,10-49-熱海-普通,4.0
上野,11:18,11:21,10-49-熱海-普通,5.0
東京,11:26,11:27,10-49-熱海-普通,6.0
新橋,11:29,11:30,10-49-熱海-普通,7.0
品川,11:34,11:35,10-49-熱海-普通,8.0
川崎,11:43,11:44,10-49-熱海-普通,9.0
横浜,11:52,11:56,10-49-熱海-普通,10.0
戸塚,12:06,12:06,10-49-熱海-普通,11.0
大船,12:11,12:12,10-49-熱海-普通,12.0
藤沢,12:16,12:16,10-49-熱海-普通,13.0
辻堂,12:19,12:20,10-49-熱海-普通,14.0
茅ケ崎,12:23,12:23,10-49-熱海-普通,15.0
平塚,12:27,12:28,10-49-熱海-普通,16.0
大磯,12:31,12:31,10-49-熱海-普通,17.0
二宮,12:35,12:36,10-49-熱海-普通,18.0
国府津,12:39,12:40,10-49-熱海-普通,19.0
鴨宮,12:43,12:44,10-49-熱海-普通,20.0
小田原,12:46,12:49,10-49-熱海-普通,21.0
早川,12:51,12:51,10-49-熱海-普通,22.0
根府川,12:56,12:56,10-49-熱海-普通,23.0
真鶴,13:01,13:01,10-49-熱海-普通,24.0
湯河原,13:05,13:05,10-49-熱海-普通,25.0
熱海,13:12,,10-49-熱海-普通,26.0
大宮(埼玉),,20:35,20-36-小田原-快速,0.0
浦和,20:41,20:42,20-36-小田原-快速,1.0
赤羽,20:50,20:50,20-36-小田原-快速,2.0
池袋,21:01,21:02,20-36-小田原-快速,3.0
新宿,21:07,21:08,20-36-小田原-快速,4.0
渋谷,21:13,21:13,20-36-小田原-快速,5.0
恵比寿,21:15,21:16,20-36-小田原-快速,6.0
大崎,21:20,21:20,20-36-小田原-快速,7.0
武蔵小杉,21:28,21:28,20-36-小田原-快速,8.0
横浜,21:38,21:39,20-36-小田原-快速,9.0
戸塚,21:49,21:49,20-36-小田原-快速,10.0
大船,21:54,21:55,20-36-小田原-快速,11.0
藤沢,21:59,22:00,20-36-小田原-快速,12.0
辻堂,22:04,22:04,20-36-小田原-快速,13.0
茅ケ崎,22:08,22:09,20-36-小田原-快速,14.0
平塚,22:14,22:14,20-36-小田原-快速,15.0
大磯,22:17,22:18,20-36-小田原-快速,16.0
二宮,22:22,22:23,20-36-小田原-快速,17.0
国府津,22:27,22:28,20-36-小田原-快速,18.0
鴨宮,22:31,22:32,20-36-小田原-快速,19.0
小田原,22:35,,20-36-小田原-快速,20.0
大宮(埼玉),,21:55,21-56-小田原-普通,0.0
さいたま新都心,21:58,21:59,21-56-小田原-普通,1.0
浦和,22:03,22:03,21-56-小田原-普通,2.0
赤羽,22:12,22:12,21-56-小田原-普通,3.0
尾久,22:17,22:17,21-56-小田原-普通,4.0
上野,22:23,22:24,21-56-小田原-普通,5.0
東京,22:30,22:32,21-56-小田原-普通,6.0
新橋,22:35,22:36,21-56-小田原-普通,7.0
品川,22:42,22:43,21-56-小田原-普通,8.0
川崎,22:51,22:52,21-56-小田原-普通,9.0
横浜,23:00,23:01,21-56-小田原-普通,10.0
戸塚,23:10,23:11,21-56-小田原-普通,11.0
大船,23:16,23:17,21-56-小田原-普通,12.0
藤沢,23:22,23:22,21-56-小田原-普通,13.0
辻堂,23:26,23:26,21-56-小田原-普通,14.0
茅ケ崎,23:30,23:30,21-56-小田原-普通,15.0
平塚,23:35,23:35,21-56-小田原-普通,16.0
大磯,23:39,23:39,21-56-小田原-普通,17.0
二宮,23:44,23:44,21-56-小田原-普通,18.0
国府津,23:48,23:49,21-56-小田原-普通,19.0
鴨宮,23:52,23:52,21-56-小田原-普通,20.0
小田原,23:56,,21-56-小田原-普通,21.0
大宮(埼玉),,13:32,13-33-熱海-普通,0.0
さいたま新都心,13:35,13:36,13-33-熱海-普通,1.0
浦和,13:40,13:40,13-33-熱海-普通,2.0
赤羽,13:48,13:49,13-33-熱海-普通,3.0
尾久,13:53,13:54,13-33-熱海-普通,4.0
上野,13:59,14:01,13-33-熱海-普通,5.0
東京,14:06,14:07,13-33-熱海-普通,6.0
新橋,14:10,14:10,13-33-熱海-普通,7.0
品川,14:15,14:15,13-33-熱海-普通,8.0
川崎,14:24,14:25,13-33-熱海-普通,9.0
横浜,14:32,14:33,13-33-熱海-普通,10.0
戸塚,14:43,14:43,13-33-熱海-普通,11.0
大船,14:48,14:49,13-33-熱海-普通,12.0
藤沢,14:53,14:54,13-33-熱海-普通,13.0
辻堂,14:57,14:57,13-33-熱海-普通,14.0
茅ケ崎,15:01,15:01,13-33-熱海-普通,15.0
平塚,15:06,15:06,13-33-熱海-普通,16.0
大磯,15:09,15:10,13-33-熱海-普通,17.0
二宮,15:14,15:14,13-33-熱海-普通,18.0
国府津,15:18,15:19,13-33-熱海-普通,19.0
鴨宮,15:22,15:23,13-33-熱海-普通,20.0
小田原,15:25,15:26,13-33-熱海-普通,21.0
早川,15:28,15:29,13-33-熱海-普通,22.0
根府川,15:33,15:33,13-33-熱海-普通,23.0
真鶴,15:38,15:39,13-33-熱海-普通,24.0
湯河原,15:42,15:42,13-33-熱海-普通,25.0
熱海,15:49,,13-33-熱海-普通,26.0
大宮(埼玉),,12:50,12-53-熱海-普通,0.0
さいたま新都心,12:55,12:56,12-53-熱海-普通,1.0
浦和,13:00,13:00,12-53-熱海-普通,2.0
赤羽,13:08,13:08,12-53-熱海-普通,3.0
尾久,13:13,13:13,12-53-熱海-普通,4.0
上野,13:19,13:21,12-53-熱海-普通,5.0
東京,13:26,13:27,12-53-熱海-普通,6.0
新橋,13:29,13:30,12-53-熱海-普通,7.0
品川,13:34,13:35,12-53-熱海-普通,8.0
川崎,13:43,13:44,12-53-熱海-普通,9.0
横浜,13:52,13:57,12-53-熱海-普通,10.0
戸塚,14:06,14:07,12-53-熱海-普通,11.0
大船,14:12,14:12,12-53-熱海-普通,12.0
藤沢,14:16,14:17,12-53-熱海-普通,13.0
辻堂,14:20,14:20,12-53-熱海-普通,14.0
茅ケ崎,14:23,14:24,12-53-熱海-普通,15.0
平塚,14:28,14:29,12-53-熱海-普通,16.0
大磯,14:32,14:32,12-53-熱海-普通,17.0
二宮,14:36,14:37,12-53-熱海-普通,18.0
国府津,14:40,14:41,12-53-熱海-普通,19.0
鴨宮,14:44,14:44,12-53-熱海-普通,20.0
小田原,14:47,14:48,12-53-熱海-普通,21.0
早川,14:50,14:50,12-53-熱海-普通,22.0
根府川,14:55,14:55,12-53-熱海-普通,23.0
真鶴,15:00,15:00,12-53-熱海-普通,24.0
湯河原,15:04,15:04,12-53-熱海-普通,25.0
熱海,15:11,,12-53-熱海-普通,26.0
大宮(埼玉),,07:29,07-32-上野-普通,0.0
さいたま新都心,07:35,07:35,07-32-上野-普通,1.0
浦和,07:39,07:40,07-32-上野-普通,2.0
赤羽,07:49,07:49,07-32-上野-普通,3.0
尾久,07:54,07:55,07-32-上野-普通,4.0
上野,08:01,,07-32-上野-普通,5.0
大宮(埼玉),,07:34,07-35-大船-普通,0.0
さいたま新都心,07:38,07:38,07-35-大船-普通,1.0
浦和,07:42,07:43,07-35-大船-普通,2.0
赤羽,07:52,07:52,07-35-大船-普通,3.0
尾久,07:57,07:58,07-35-大船-普通,4.0
上野,08:05,08:06,07-35-大船-普通,5.0
東京,08:11,08:13,07-35-大船-普通,6.0
新橋,08:16,08:16,07-35-大船-普通,7.0
品川,08:22,08:23,07-35-大船-普通,8.0
川崎,08:31,08:31,07-35-大船-普通,9.0
横浜,08:39,08:40,07-35-大船-普通,10.0
戸塚,08:49,08:50,07-35-大船-普通,11.0
大船,08:55,,07-35-大船-普通,12.0
大宮(埼玉),,17:06,17-07-小田原-普通,0.0
さいたま新都心,17:09,17:09,17-07-小田原-普通,1.0
浦和,17:13,17:14,17-07-小田原-普通,2.0
赤羽,17:22,17:22,17-07-小田原-普通,3.0
尾久,17:26,17:27,17-07-小田原-普通,4.0
上野,17:32,17:33,17-07-小田原-普通,5.0
東京,17:38,17:40,17-07-小田原-普通,6.0
新橋,17:43,17:43,17-07-小田原-普通,7.0
品川,17:48,17:49,17-07-小田原-普通,8.0
川崎,17:58,17:58,17-07-小田原-普通,9.0
横浜,18:06,18:07,17-07-小田原-普通,10.0
戸塚,18:17,18:18,17-07-小田原-普通,11.0
大船,18:23,18:24,17-07-小田原-普通,12.0
藤沢,18:30,18:30,17-07-小田原-普通,13.0
辻堂,18:34,18:35,17-07-小田原-普通,14.0
茅ケ崎,18:38,18:39,17-07-小田原-普通,15.0
平塚,18:43,18:44,17-07-小田原-普通,16.0
大磯,18:47,18:48,17-07-小田原-普通,17.0
二宮,18:52,18:53,17-07-小田原-普通,18.0
国府津,18:57,18:58,17-07-小田原-普通,19.0
鴨宮,19:01,19:01,17-07-小田原-普通,20.0
小田原,19:05,,17-07-小田原-普通,21.0
大宮(埼玉),,19:11,19-12-平塚-快速,0.0
浦和,19:18,19:18,19-12-平塚-快速,1.0
赤羽,19:26,19:27,19-12-平塚-快速,2.0
池袋,19:37,19:38,19-12-平塚-快速,3.0
新宿,19:44,19:45,19-12-平塚-快速,4.0
渋谷,19:49,19:50,19-12-平塚-快速,5.0
恵比寿,19:52,19:52,19-12-平塚-快速,6.0
大崎,19:56,19:57,19-12-平塚-快速,7.0
武蔵小杉,20:04,20:05,19-12-平塚-快速,8.0
横浜,20:15,20:16,19-12-平塚-快速,9.0
戸塚,20:28,20:28,19-12-平塚-快速,10.0
大船,20:33,20:39,19-12-平塚-快速,11.0
藤沢,20:44,20:44,19-12-平塚-快速,12.0
辻堂,20:48,20:48,19-12-平塚-快速,13.0
茅ケ崎,20:52,20:52,19-12-平塚-快速,14.0
平塚,20:57,,19-12-平塚-快速,15.0
